user_id,msisdn,division,age,sim_age_days,device_tier,arpu_bdt
U0000001,880100000001,Dhaka,51,655,mid,274.52
U0000002,880100000002,Rangpur,18,1690,mid,630.34
U0000003,880100000003,Sylhet,31,99,low,713.49
U0000004,880100000004,Khulna,34,909,mid,233.31
U0000005,880100000005,Khulna,47,1607,low,135.09
U0000006,880100000006,Rangpur,21,1907,mid,451.67
U0000007,880100000007,Dhaka,33,525,mid,719.22
U0000008,880100000008,Sylhet,22,1312,low,620.62
U0000009,880100000009,Chattogram,47,403,low,661.51
U0000010,880100000010,Dhaka,41,258,mid,422.27
U0000011,880100000011,Barishal,35,725,low,287.96
U0000012,880100000012,Mymensingh,31,1773,high,525.42
U0000013,880100000013,Sylhet,22,1388,mid,263.49
U0000014,880100000014,Rangpur,52,993,mid,680.98
U0000015,880100000015,Sylhet,41,587,low,257.57
U0000016,880100000016,Rangpur,28,309,mid,333.01
U0000017,880100000017,Barishal,32,563,high,505.24
U0000018,880100000018,Chattogram,45,330,low,489.37
U0000019,880100000019,Rangpur,44,398,low,580.68
U0000020,880100000020,Khulna,34,1384,low,449.96
U0000021,880100000021,Barishal,28,291,low,835.58
U0000022,880100000022,Rajshahi,42,123,mid,771.95
U0000023,880100000023,Chattogram,42,1098,mid,803.29
U0000024,880100000024,Mymensingh,39,594,mid,603.61
U0000025,880100000025,Rangpur,18,925,low,608.01
U0000026,880100000026,Sylhet,34,305,low,587.36
U0000027,880100000027,Khulna,40,443,low,447.91
U0000028,880100000028,Rangpur,54,898,high,357.68
U0000029,880100000029,Barishal,37,1389,mid,573.6
U0000030,880100000030,Khulna,29,846,low,120.43
U0000031,880100000031,Khulna,38,1097,mid,105.97
U0000032,880100000032,Chattogram,23,1058,low,781.31
U0000033,880100000033,Dhaka,19,559,low,137.14
U0000034,880100000034,Barishal,43,580,low,519.84
U0000035,880100000035,Mymensingh,55,868,high,591.99
U0000036,880100000036,Dhaka,49,93,mid,258.54
U0000037,880100000037,Rangpur,39,1380,mid,816.58
U0000038,880100000038,Rangpur,17,1240,low,252.08
U0000039,880100000039,Rajshahi,55,633,low,807.61
U0000040,880100000040,Sylhet,33,766,mid,710.39
U0000041,880100000041,Chattogram,27,677,low,292.59
U0000042,880100000042,Rangpur,51,1313,high,220.6
U0000043,880100000043,Sylhet,45,1526,mid,352.99
U0000044,880100000044,Rajshahi,45,244,low,418.36
U0000045,880100000045,Dhaka,27,844,mid,296.63
U0000046,880100000046,Mymensingh,55,57,high,899.11
U0000047,880100000047,Khulna,34,920,mid,283.72
U0000048,880100000048,Mymensingh,37,519,mid,764.51
U0000049,880100000049,Sylhet,46,691,high,227.29
U0000050,880100000050,Rangpur,42,929,low,884.2
U0000051,880100000051,Rangpur,22,667,high,280.42
U0000052,880100000052,Chattogram,28,806,low,437.35
U0000053,880100000053,Rajshahi,30,1536,mid,546.85
U0000054,880100000054,Khulna,53,1626,mid,196.23
U0000055,880100000055,Khulna,44,41,mid,753.46
U0000056,880100000056,Dhaka,30,774,mid,319.75
U0000057,880100000057,Barishal,45,1698,mid,539.42
U0000058,880100000058,Chattogram,45,1074,low,539.71
U0000059,880100000059,Sylhet,31,434,low,582.11
U0000060,880100000060,Sylhet,32,1199,low,144.39
U0000061,880100000061,Mymensingh,51,315,mid,234.9
U0000062,880100000062,Sylhet,38,73,low,228.95
U0000063,880100000063,Rajshahi,21,1275,low,341.64
U0000064,880100000064,Mymensingh,44,1044,high,215.93
U0000065,880100000065,Khulna,39,1520,low,837.54
U0000066,880100000066,Rajshahi,36,709,low,510.36
U0000067,880100000067,Mymensingh,45,1712,low,598.86
U0000068,880100000068,Rajshahi,52,859,low,385.99
U0000069,880100000069,Dhaka,29,1483,mid,321.0
U0000070,880100000070,Khulna,32,227,low,502.54
U0000071,880100000071,Rangpur,23,221,low,335.46
U0000072,880100000072,Chattogram,41,1572,high,374.92
U0000073,880100000073,Khulna,32,1672,mid,462.2
U0000074,880100000074,Chattogram,29,1886,mid,504.59
U0000075,880100000075,Sylhet,43,669,high,887.45
U0000076,880100000076,Khulna,32,73,high,278.66
U0000077,880100000077,Rajshahi,34,1960,low,490.38
U0000078,880100000078,Chattogram,33,1214,mid,219.61
U0000079,880100000079,Barishal,26,516,mid,380.0
U0000080,880100000080,Sylhet,21,1534,low,673.85
U0000081,880100000081,Mymensingh,49,1810,low,239.57
U0000082,880100000082,Khulna,19,591,low,565.08
U0000083,880100000083,Chattogram,28,1546,mid,433.36
U0000084,880100000084,Rangpur,42,1581,mid,141.26
U0000085,880100000085,Sylhet,21,1018,mid,846.46
U0000086,880100000086,Sylhet,42,1275,low,430.88
U0000087,880100000087,Dhaka,45,560,low,727.14
U0000088,880100000088,Rajshahi,42,1860,mid,433.05
U0000089,880100000089,Rangpur,28,1966,mid,849.89
U0000090,880100000090,Rangpur,16,1962,high,332.38
U0000091,880100000091,Khulna,51,1482,high,429.78
U0000092,880100000092,Rangpur,29,113,high,707.09
U0000093,880100000093,Rangpur,48,751,high,374.93
U0000094,880100000094,Khulna,23,906,high,391.49
U0000095,880100000095,Mymensingh,22,1920,mid,895.86
U0000096,880100000096,Rajshahi,47,1107,low,544.49
U0000097,880100000097,Chattogram,53,1086,low,651.5
U0000098,880100000098,Sylhet,50,319,low,614.77
U0000099,880100000099,Sylhet,46,1593,low,762.34
U0000100,880100000100,Chattogram,25,692,low,789.46
U0000101,880100000101,Rangpur,52,210,high,550.6
U0000102,880100000102,Chattogram,42,1975,low,335.64
U0000103,880100000103,Rangpur,22,404,high,118.24
U0000104,880100000104,Dhaka,21,61,mid,591.52
U0000105,880100000105,Rangpur,50,183,mid,760.38
U0000106,880100000106,Rangpur,27,921,mid,460.43
U0000107,880100000107,Rangpur,46,232,low,231.76
U0000108,880100000108,Sylhet,21,1690,mid,330.47
U0000109,880100000109,Khulna,27,1039,low,507.99
U0000110,880100000110,Sylhet,27,668,high,769.34
U0000111,880100000111,Rajshahi,27,36,low,237.4
U0000112,880100000112,Rangpur,42,975,low,589.72
U0000113,880100000113,Barishal,52,328,mid,702.69
U0000114,880100000114,Khulna,52,1956,mid,848.84
U0000115,880100000115,Barishal,45,603,mid,193.36
U0000116,880100000116,Barishal,24,965,mid,841.11
U0000117,880100000117,Dhaka,54,66,low,581.17
U0000118,880100000118,Chattogram,37,287,mid,713.36
U0000119,880100000119,Chattogram,37,438,low,143.02
U0000120,880100000120,Dhaka,44,131,low,504.92
U0000121,880100000121,Khulna,46,1460,low,598.1
U0000122,880100000122,Sylhet,54,1892,low,345.47
U0000123,880100000123,Sylhet,39,1971,low,445.32
U0000124,880100000124,Khulna,40,553,mid,543.44
U0000125,880100000125,Rangpur,45,1583,low,542.04
U0000126,880100000126,Barishal,26,1023,low,133.49
U0000127,880100000127,Dhaka,28,120,mid,451.59
U0000128,880100000128,Rangpur,41,208,low,271.05
U0000129,880100000129,Barishal,18,1109,mid,833.36
U0000130,880100000130,Sylhet,28,864,high,881.26
U0000131,880100000131,Barishal,44,46,low,339.72
U0000132,880100000132,Barishal,55,1862,high,240.15
U0000133,880100000133,Dhaka,36,1468,low,275.6
U0000134,880100000134,Barishal,31,1019,low,482.2
U0000135,880100000135,Rangpur,33,1974,mid,799.6
U0000136,880100000136,Rajshahi,43,1943,mid,500.03
U0000137,880100000137,Barishal,37,1948,mid,144.31
U0000138,880100000138,Dhaka,16,539,low,131.91
U0000139,880100000139,Rajshahi,37,1765,mid,281.91
U0000140,880100000140,Khulna,32,1023,low,774.22
U0000141,880100000141,Mymensingh,44,1460,low,597.18
U0000142,880100000142,Chattogram,51,1723,low,550.37
U0000143,880100000143,Rajshahi,54,351,high,355.18
U0000144,880100000144,Khulna,40,913,low,843.54
U0000145,880100000145,Mymensingh,30,283,mid,364.94
U0000146,880100000146,Rangpur,33,580,mid,767.96
U0000147,880100000147,Dhaka,23,844,mid,816.72
U0000148,880100000148,Chattogram,53,1715,mid,486.67
U0000149,880100000149,Rangpur,49,1729,high,815.43
U0000150,880100000150,Dhaka,50,798,low,321.44
U0000151,880100000151,Rangpur,29,678,low,626.75
U0000152,880100000152,Rajshahi,28,1075,mid,170.37
U0000153,880100000153,Mymensingh,50,1826,low,479.15
U0000154,880100000154,Rajshahi,37,1953,low,273.87
U0000155,880100000155,Khulna,44,476,low,150.21
U0000156,880100000156,Sylhet,35,397,low,102.98
U0000157,880100000157,Chattogram,33,1422,low,359.8
U0000158,880100000158,Barishal,41,623,low,571.62
U0000159,880100000159,Barishal,48,423,high,464.18
U0000160,880100000160,Rangpur,29,91,low,341.42
U0000161,880100000161,Mymensingh,48,824,high,892.96
U0000162,880100000162,Sylhet,25,801,high,851.62
U0000163,880100000163,Khulna,32,1139,low,200.52
U0000164,880100000164,Khulna,52,424,mid,432.09
U0000165,880100000165,Khulna,54,1437,mid,619.08
U0000166,880100000166,Rangpur,52,1369,mid,686.79
U0000167,880100000167,Rajshahi,28,940,low,393.1
U0000168,880100000168,Chattogram,49,387,low,697.03
U0000169,880100000169,Rajshahi,53,1028,low,199.32
U0000170,880100000170,Dhaka,55,1359,mid,365.45
U0000171,880100000171,Dhaka,16,764,high,673.15
U0000172,880100000172,Dhaka,45,549,mid,600.55
U0000173,880100000173,Rangpur,55,1027,mid,769.77
U0000174,880100000174,Sylhet,46,729,high,137.49
U0000175,880100000175,Sylhet,25,819,mid,239.51
U0000176,880100000176,Khulna,46,717,low,138.8
U0000177,880100000177,Sylhet,20,627,high,253.69
U0000178,880100000178,Chattogram,35,1442,low,103.43
U0000179,880100000179,Mymensingh,41,936,low,503.37
U0000180,880100000180,Barishal,34,949,mid,522.65
U0000181,880100000181,Mymensingh,43,1316,high,626.31
U0000182,880100000182,Chattogram,25,741,low,407.93
U0000183,880100000183,Khulna,40,229,mid,102.57
U0000184,880100000184,Sylhet,41,1709,low,639.11
U0000185,880100000185,Khulna,41,139,low,143.43
U0000186,880100000186,Khulna,27,1156,low,792.94
U0000187,880100000187,Chattogram,28,553,mid,118.12
U0000188,880100000188,Khulna,26,451,high,524.38
U0000189,880100000189,Chattogram,34,112,low,815.93
U0000190,880100000190,Rajshahi,39,1803,low,557.99
U0000191,880100000191,Sylhet,30,875,low,586.73
U0000192,880100000192,Sylhet,32,705,low,645.29
U0000193,880100000193,Barishal,27,1490,mid,197.93
U0000194,880100000194,Rajshahi,24,106,mid,639.94
U0000195,880100000195,Mymensingh,42,1142,mid,804.28
U0000196,880100000196,Dhaka,48,1004,low,879.38
U0000197,880100000197,Rajshahi,27,1120,mid,454.44
U0000198,880100000198,Dhaka,50,274,low,375.6
U0000199,880100000199,Rajshahi,38,1906,low,702.65
U0000200,880100000200,Mymensingh,22,499,high,534.3
U0000201,880100000201,Rajshahi,30,1366,mid,305.84
U0000202,880100000202,Mymensingh,16,1501,high,237.73
U0000203,880100000203,Khulna,17,707,high,236.18
U0000204,880100000204,Sylhet,29,287,mid,467.34
U0000205,880100000205,Khulna,34,614,high,236.1
U0000206,880100000206,Rajshahi,47,1619,low,115.78
U0000207,880100000207,Rangpur,21,1815,low,141.67
U0000208,880100000208,Mymensingh,49,1875,low,843.91
U0000209,880100000209,Rajshahi,25,475,low,158.37
U0000210,880100000210,Rangpur,21,1224,low,158.54
U0000211,880100000211,Rajshahi,43,327,low,460.95
U0000212,880100000212,Sylhet,46,1429,mid,296.08
U0000213,880100000213,Rangpur,40,849,mid,870.16
U0000214,880100000214,Khulna,20,1435,mid,828.79
U0000215,880100000215,Sylhet,20,1379,low,423.79
U0000216,880100000216,Rajshahi,31,1985,mid,458.99
U0000217,880100000217,Dhaka,34,992,low,400.09
U0000218,880100000218,Dhaka,55,702,low,130.29
U0000219,880100000219,Khulna,27,1067,low,334.28
U0000220,880100000220,Mymensingh,23,350,low,198.14
U0000221,880100000221,Chattogram,53,250,low,181.9
U0000222,880100000222,Khulna,22,1052,mid,548.69
U0000223,880100000223,Sylhet,17,1656,mid,179.01
U0000224,880100000224,Chattogram,32,1080,mid,182.35
U0000225,880100000225,Sylhet,32,1570,low,484.41
U0000226,880100000226,Rajshahi,40,380,mid,453.83
U0000227,880100000227,Rangpur,51,915,mid,210.11
U0000228,880100000228,Barishal,53,1237,low,103.56
U0000229,880100000229,Barishal,27,714,mid,254.38
U0000230,880100000230,Chattogram,55,57,mid,288.71
U0000231,880100000231,Khulna,41,174,low,740.2
U0000232,880100000232,Rangpur,18,1857,low,832.35
U0000233,880100000233,Dhaka,53,1222,mid,424.76
U0000234,880100000234,Rangpur,21,551,low,424.02
U0000235,880100000235,Khulna,39,539,low,669.99
U0000236,880100000236,Sylhet,47,107,low,601.54
U0000237,880100000237,Sylhet,25,1891,high,247.31
U0000238,880100000238,Khulna,26,243,low,186.15
U0000239,880100000239,Rajshahi,35,1526,low,450.09
U0000240,880100000240,Sylhet,51,503,low,551.86
U0000241,880100000241,Chattogram,24,691,high,210.97
U0000242,880100000242,Barishal,42,569,mid,334.62
U0000243,880100000243,Dhaka,34,1654,high,344.75
U0000244,880100000244,Sylhet,20,94,low,309.04
U0000245,880100000245,Sylhet,44,724,low,468.61
U0000246,880100000246,Dhaka,49,580,mid,622.45
U0000247,880100000247,Rangpur,39,567,low,507.51
U0000248,880100000248,Khulna,23,410,mid,261.17
U0000249,880100000249,Rangpur,22,1827,high,182.35
U0000250,880100000250,Dhaka,32,775,mid,757.5
U0000251,880100000251,Chattogram,36,853,high,483.44
U0000252,880100000252,Khulna,38,788,mid,149.71
U0000253,880100000253,Chattogram,25,1961,low,306.5
U0000254,880100000254,Rajshahi,36,697,mid,743.23
U0000255,880100000255,Sylhet,27,703,low,701.38
U0000256,880100000256,Chattogram,43,676,mid,800.65
U0000257,880100000257,Sylhet,47,674,low,581.67
U0000258,880100000258,Dhaka,42,206,low,438.32
U0000259,880100000259,Chattogram,16,1220,mid,441.31
U0000260,880100000260,Barishal,55,79,low,255.2
U0000261,880100000261,Rangpur,16,475,low,620.64
U0000262,880100000262,Chattogram,55,428,mid,568.06
U0000263,880100000263,Rajshahi,17,604,low,223.89
U0000264,880100000264,Mymensingh,36,1520,mid,808.53
U0000265,880100000265,Mymensingh,20,1211,low,394.77
U0000266,880100000266,Barishal,19,1981,low,139.79
U0000267,880100000267,Khulna,43,721,low,362.3
U0000268,880100000268,Rajshahi,45,1859,mid,795.89
U0000269,880100000269,Barishal,20,118,high,833.57
U0000270,880100000270,Barishal,55,1023,low,492.32
U0000271,880100000271,Rajshahi,28,1603,high,865.07
U0000272,880100000272,Dhaka,28,1077,mid,800.19
U0000273,880100000273,Chattogram,27,1868,mid,760.18
U0000274,880100000274,Mymensingh,34,649,mid,787.77
U0000275,880100000275,Khulna,23,95,mid,405.5
U0000276,880100000276,Khulna,32,1554,mid,705.18
U0000277,880100000277,Khulna,24,163,mid,561.87
U0000278,880100000278,Rangpur,18,1536,mid,675.75
U0000279,880100000279,Dhaka,30,1474,low,242.23
U0000280,880100000280,Dhaka,42,1693,low,685.12
U0000281,880100000281,Rajshahi,46,973,mid,866.07
U0000282,880100000282,Khulna,30,1794,low,342.13
U0000283,880100000283,Sylhet,28,364,low,888.93
U0000284,880100000284,Khulna,47,885,low,402.7
U0000285,880100000285,Khulna,43,270,low,259.78
U0000286,880100000286,Mymensingh,49,1540,mid,189.83
U0000287,880100000287,Chattogram,52,1437,mid,727.97
U0000288,880100000288,Barishal,48,1618,low,543.86
U0000289,880100000289,Barishal,53,1535,low,345.71
U0000290,880100000290,Khulna,32,637,low,586.76
U0000291,880100000291,Rangpur,31,164,low,365.68
U0000292,880100000292,Rajshahi,28,1860,mid,458.69
U0000293,880100000293,Mymensingh,25,1000,mid,790.13
U0000294,880100000294,Rajshahi,45,215,mid,634.53
U0000295,880100000295,Barishal,44,1856,mid,709.92
U0000296,880100000296,Barishal,48,1988,high,566.79
U0000297,880100000297,Rangpur,22,907,mid,893.12
U0000298,880100000298,Khulna,35,1547,mid,293.13
U0000299,880100000299,Rajshahi,24,101,mid,309.83
U0000300,880100000300,Dhaka,51,213,low,174.05
U0000301,880100000301,Rajshahi,26,574,high,543.22
U0000302,880100000302,Rangpur,21,1322,low,590.69
U0000303,880100000303,Dhaka,38,292,low,680.77
U0000304,880100000304,Mymensingh,51,97,high,368.36
U0000305,880100000305,Barishal,52,1347,mid,109.81
U0000306,880100000306,Chattogram,19,1547,low,605.78
U0000307,880100000307,Rajshahi,29,1486,low,898.96
U0000308,880100000308,Barishal,22,1604,low,335.64
U0000309,880100000309,Rajshahi,28,1611,mid,247.15
U0000310,880100000310,Dhaka,37,1216,low,325.41
U0000311,880100000311,Sylhet,27,1053,high,440.33
U0000312,880100000312,Sylhet,18,1718,high,300.73
U0000313,880100000313,Dhaka,36,715,mid,377.57
U0000314,880100000314,Rajshahi,18,222,mid,610.57
U0000315,880100000315,Chattogram,25,1511,low,376.02
U0000316,880100000316,Sylhet,16,573,low,416.85
U0000317,880100000317,Sylhet,19,1958,mid,132.03
U0000318,880100000318,Sylhet,33,845,low,834.35
U0000319,880100000319,Mymensingh,50,1708,low,425.51
U0000320,880100000320,Rangpur,46,113,low,362.51
U0000321,880100000321,Rajshahi,19,1328,low,169.19
U0000322,880100000322,Dhaka,17,912,low,607.35
U0000323,880100000323,Barishal,29,941,mid,791.06
U0000324,880100000324,Mymensingh,42,552,mid,132.92
U0000325,880100000325,Mymensingh,45,1943,mid,216.22
U0000326,880100000326,Chattogram,48,803,mid,217.11
U0000327,880100000327,Chattogram,29,1705,low,581.82
U0000328,880100000328,Dhaka,22,867,mid,836.98
U0000329,880100000329,Chattogram,17,125,mid,450.21
U0000330,880100000330,Barishal,21,1762,low,375.05
U0000331,880100000331,Barishal,18,394,high,712.67
U0000332,880100000332,Rajshahi,50,562,low,694.06
U0000333,880100000333,Rajshahi,26,1726,low,297.4
U0000334,880100000334,Rangpur,48,1790,low,228.66
U0000335,880100000335,Khulna,38,1836,low,386.25
U0000336,880100000336,Rangpur,37,869,low,720.48
U0000337,880100000337,Mymensingh,34,1521,mid,656.05
U0000338,880100000338,Rajshahi,48,675,high,632.68
U0000339,880100000339,Chattogram,17,1488,low,763.54
U0000340,880100000340,Mymensingh,19,1019,mid,321.7
U0000341,880100000341,Sylhet,32,132,low,371.75
U0000342,880100000342,Rajshahi,31,852,mid,133.87
U0000343,880100000343,Barishal,37,951,low,795.0
U0000344,880100000344,Barishal,45,537,low,565.94
U0000345,880100000345,Mymensingh,39,767,mid,338.5
U0000346,880100000346,Rajshahi,26,1020,mid,155.53
U0000347,880100000347,Mymensingh,29,127,mid,678.73
U0000348,880100000348,Mymensingh,46,329,mid,698.99
U0000349,880100000349,Chattogram,24,1540,mid,632.94
U0000350,880100000350,Chattogram,36,723,low,263.02
U0000351,880100000351,Barishal,37,1228,low,830.57
U0000352,880100000352,Dhaka,46,1144,low,702.53
U0000353,880100000353,Rajshahi,44,1115,low,626.21
U0000354,880100000354,Khulna,34,844,low,620.76
U0000355,880100000355,Mymensingh,28,982,mid,823.49
U0000356,880100000356,Mymensingh,30,1653,low,842.65
U0000357,880100000357,Chattogram,32,1931,mid,576.51
U0000358,880100000358,Mymensingh,24,535,mid,433.34
U0000359,880100000359,Dhaka,41,1348,mid,390.99
U0000360,880100000360,Sylhet,24,1940,mid,755.26
U0000361,880100000361,Rangpur,41,44,low,615.68
U0000362,880100000362,Mymensingh,46,1575,low,161.81
U0000363,880100000363,Chattogram,54,1008,mid,213.75
U0000364,880100000364,Mymensingh,20,1936,mid,820.15
U0000365,880100000365,Dhaka,46,1169,low,807.6
U0000366,880100000366,Barishal,19,1681,low,861.47
U0000367,880100000367,Khulna,29,357,mid,442.28
U0000368,880100000368,Rajshahi,23,309,mid,727.25
U0000369,880100000369,Dhaka,22,1855,low,762.58
U0000370,880100000370,Rangpur,23,1067,low,352.56
U0000371,880100000371,Rajshahi,17,1129,high,216.27
U0000372,880100000372,Sylhet,48,364,low,897.62
U0000373,880100000373,Khulna,18,476,high,124.18
U0000374,880100000374,Rajshahi,31,1641,low,577.87
U0000375,880100000375,Mymensingh,43,627,mid,620.17
U0000376,880100000376,Dhaka,55,1180,low,645.43
U0000377,880100000377,Sylhet,50,653,low,304.5
U0000378,880100000378,Sylhet,21,548,high,677.26
U0000379,880100000379,Khulna,55,357,mid,273.12
U0000380,880100000380,Rajshahi,42,1861,high,763.23
U0000381,880100000381,Dhaka,23,1881,low,275.29
U0000382,880100000382,Mymensingh,33,256,high,657.36
U0000383,880100000383,Mymensingh,52,725,high,726.73
U0000384,880100000384,Chattogram,31,1140,mid,251.16
U0000385,880100000385,Dhaka,23,785,low,290.39
U0000386,880100000386,Dhaka,51,1450,mid,723.28
U0000387,880100000387,Dhaka,54,542,mid,168.8
U0000388,880100000388,Rangpur,55,145,high,252.61
U0000389,880100000389,Mymensingh,54,693,low,464.42
U0000390,880100000390,Chattogram,50,1207,low,844.15
U0000391,880100000391,Sylhet,34,385,low,549.5
U0000392,880100000392,Chattogram,23,1637,mid,410.14
U0000393,880100000393,Rajshahi,40,54,high,882.7
U0000394,880100000394,Barishal,24,163,low,470.97
U0000395,880100000395,Sylhet,34,1032,mid,446.99
U0000396,880100000396,Rangpur,42,1039,high,429.32
U0000397,880100000397,Dhaka,53,610,low,349.74
U0000398,880100000398,Chattogram,27,539,low,360.56
U0000399,880100000399,Rajshahi,26,167,mid,650.27
U0000400,880100000400,Rajshahi,45,1335,mid,132.67
U0000401,880100000401,Mymensingh,16,776,low,645.45
U0000402,880100000402,Rangpur,38,263,mid,260.96
U0000403,880100000403,Rajshahi,45,817,mid,407.37
U0000404,880100000404,Mymensingh,38,1875,high,217.23
U0000405,880100000405,Khulna,31,544,high,542.2
U0000406,880100000406,Barishal,49,1792,mid,683.48
U0000407,880100000407,Khulna,30,539,mid,383.72
U0000408,880100000408,Chattogram,44,396,low,230.73
U0000409,880100000409,Mymensingh,34,543,mid,281.2
U0000410,880100000410,Dhaka,17,666,low,754.49
U0000411,880100000411,Chattogram,37,267,mid,314.12
U0000412,880100000412,Chattogram,17,1187,low,719.76
U0000413,880100000413,Rajshahi,53,686,mid,364.96
U0000414,880100000414,Chattogram,40,1444,low,250.99
U0000415,880100000415,Dhaka,30,997,low,681.85
U0000416,880100000416,Sylhet,35,902,low,474.84
U0000417,880100000417,Mymensingh,40,957,mid,125.02
U0000418,880100000418,Dhaka,26,337,mid,867.95
U0000419,880100000419,Rajshahi,27,1434,low,218.2
U0000420,880100000420,Barishal,32,235,high,382.73
U0000421,880100000421,Mymensingh,26,1451,high,407.84
U0000422,880100000422,Sylhet,46,1999,low,491.54
U0000423,880100000423,Rangpur,20,1535,mid,728.36
U0000424,880100000424,Barishal,49,927,low,104.87
U0000425,880100000425,Khulna,29,649,low,845.98
U0000426,880100000426,Chattogram,38,1748,mid,616.79
U0000427,880100000427,Rangpur,22,536,low,860.52
U0000428,880100000428,Rangpur,31,980,high,753.91
U0000429,880100000429,Dhaka,46,1548,high,842.27
U0000430,880100000430,Sylhet,26,1847,mid,580.8
U0000431,880100000431,Dhaka,21,1844,mid,385.85
U0000432,880100000432,Sylhet,36,202,mid,454.33
U0000433,880100000433,Rangpur,22,1799,high,626.43
U0000434,880100000434,Chattogram,28,254,low,441.55
U0000435,880100000435,Khulna,34,1181,low,685.34
U0000436,880100000436,Dhaka,38,1861,mid,173.48
U0000437,880100000437,Barishal,41,1319,low,763.99
U0000438,880100000438,Mymensingh,43,1896,low,263.35
U0000439,880100000439,Dhaka,49,708,low,855.16
U0000440,880100000440,Khulna,18,649,mid,224.44
U0000441,880100000441,Mymensingh,30,672,low,203.33
U0000442,880100000442,Rajshahi,16,729,low,749.5
U0000443,880100000443,Chattogram,16,1375,low,754.96
U0000444,880100000444,Khulna,24,921,low,691.01
U0000445,880100000445,Barishal,39,1482,high,868.42
U0000446,880100000446,Sylhet,51,849,low,316.43
U0000447,880100000447,Rajshahi,46,636,mid,761.32
U0000448,880100000448,Mymensingh,41,404,mid,381.63
U0000449,880100000449,Barishal,47,1115,low,529.92
U0000450,880100000450,Rajshahi,22,1799,mid,456.48
U0000451,880100000451,Mymensingh,49,1722,mid,104.68
U0000452,880100000452,Mymensingh,51,529,mid,559.57
U0000453,880100000453,Khulna,19,970,low,698.0
U0000454,880100000454,Dhaka,34,1419,low,239.64
U0000455,880100000455,Barishal,49,1236,high,845.32
U0000456,880100000456,Barishal,35,162,mid,524.32
U0000457,880100000457,Chattogram,49,1194,high,242.6
U0000458,880100000458,Sylhet,53,106,high,616.76
U0000459,880100000459,Rangpur,34,259,low,253.54
U0000460,880100000460,Dhaka,18,1317,mid,150.83
U0000461,880100000461,Sylhet,29,232,mid,648.25
U0000462,880100000462,Chattogram,24,697,mid,188.56
U0000463,880100000463,Sylhet,34,1189,low,184.97
U0000464,880100000464,Khulna,39,1321,low,691.95
U0000465,880100000465,Dhaka,34,908,mid,144.16
U0000466,880100000466,Mymensingh,23,215,mid,747.82
U0000467,880100000467,Chattogram,28,1604,mid,736.92
U0000468,880100000468,Barishal,43,1901,low,213.11
U0000469,880100000469,Chattogram,17,1780,low,514.7
U0000470,880100000470,Mymensingh,24,1504,high,177.3
U0000471,880100000471,Sylhet,51,822,low,606.06
U0000472,880100000472,Rangpur,19,1756,low,150.34
U0000473,880100000473,Khulna,32,991,mid,855.58
U0000474,880100000474,Khulna,24,298,low,266.18
U0000475,880100000475,Sylhet,20,1705,mid,646.32
U0000476,880100000476,Rangpur,32,660,low,202.63
U0000477,880100000477,Rangpur,36,1879,mid,267.68
U0000478,880100000478,Dhaka,23,755,high,460.76
U0000479,880100000479,Sylhet,19,1742,high,558.48
U0000480,880100000480,Dhaka,21,1088,mid,899.09
U0000481,880100000481,Rajshahi,42,950,low,120.74
U0000482,880100000482,Rangpur,50,614,mid,100.25
U0000483,880100000483,Rajshahi,23,1676,mid,380.29
U0000484,880100000484,Rangpur,28,149,mid,392.93
U0000485,880100000485,Khulna,29,953,mid,807.07
U0000486,880100000486,Chattogram,30,756,mid,830.07
U0000487,880100000487,Rajshahi,25,1100,mid,804.42
U0000488,880100000488,Barishal,18,531,mid,214.54
U0000489,880100000489,Rangpur,37,1339,low,429.68
U0000490,880100000490,Barishal,30,790,mid,696.71
U0000491,880100000491,Mymensingh,29,400,mid,350.09
U0000492,880100000492,Rangpur,26,418,low,630.59
U0000493,880100000493,Rangpur,53,1402,high,289.71
U0000494,880100000494,Barishal,40,545,mid,358.74
U0000495,880100000495,Rajshahi,32,635,low,788.34
U0000496,880100000496,Khulna,24,1265,mid,300.41
U0000497,880100000497,Dhaka,48,679,mid,871.46
U0000498,880100000498,Rajshahi,51,794,mid,345.01
U0000499,880100000499,Mymensingh,17,511,low,118.82
U0000500,880100000500,Khulna,53,710,high,303.92
U0000501,880100000501,Dhaka,43,1394,low,236.96
U0000502,880100000502,Sylhet,19,1081,mid,505.46
U0000503,880100000503,Mymensingh,46,1995,low,190.17
U0000504,880100000504,Rangpur,20,1550,mid,600.84
U0000505,880100000505,Rajshahi,18,63,mid,799.92
U0000506,880100000506,Khulna,20,776,mid,390.02
U0000507,880100000507,Barishal,34,601,mid,234.79
U0000508,880100000508,Chattogram,40,1187,mid,420.02
U0000509,880100000509,Rajshahi,32,553,mid,728.77
U0000510,880100000510,Chattogram,20,1933,low,573.19
U0000511,880100000511,Mymensingh,23,619,high,180.91
U0000512,880100000512,Sylhet,50,1058,mid,529.75
U0000513,880100000513,Rangpur,54,272,high,474.47
U0000514,880100000514,Rangpur,46,1822,high,361.69
U0000515,880100000515,Mymensingh,20,1826,high,188.13
U0000516,880100000516,Dhaka,48,1593,mid,884.89
U0000517,880100000517,Mymensingh,43,722,mid,240.83
U0000518,880100000518,Dhaka,37,145,low,254.19
U0000519,880100000519,Khulna,21,1430,mid,216.47
U0000520,880100000520,Barishal,55,875,mid,556.15
U0000521,880100000521,Rajshahi,33,1981,mid,454.94
U0000522,880100000522,Chattogram,17,1405,high,299.65
U0000523,880100000523,Chattogram,24,1091,low,443.54
U0000524,880100000524,Rangpur,32,1973,low,638.82
U0000525,880100000525,Rajshahi,18,1606,mid,325.36
U0000526,880100000526,Rajshahi,28,933,low,832.2
U0000527,880100000527,Mymensingh,34,67,low,345.08
U0000528,880100000528,Chattogram,53,212,low,258.54
U0000529,880100000529,Mymensingh,19,904,mid,863.65
U0000530,880100000530,Mymensingh,39,1137,mid,748.45
U0000531,880100000531,Barishal,52,89,low,374.51
U0000532,880100000532,Chattogram,48,279,low,773.15
U0000533,880100000533,Chattogram,52,1417,mid,515.05
U0000534,880100000534,Rajshahi,22,1510,low,377.4
U0000535,880100000535,Barishal,48,88,mid,771.69
U0000536,880100000536,Chattogram,55,1030,mid,701.73
U0000537,880100000537,Khulna,29,189,low,338.3
U0000538,880100000538,Dhaka,35,1455,mid,585.34
U0000539,880100000539,Barishal,37,1673,low,395.51
U0000540,880100000540,Dhaka,35,1742,low,100.84
U0000541,880100000541,Sylhet,27,1208,high,869.45
U0000542,880100000542,Dhaka,54,1269,mid,539.7
U0000543,880100000543,Chattogram,54,1855,high,578.75
U0000544,880100000544,Chattogram,31,1236,low,579.91
U0000545,880100000545,Rangpur,48,909,low,540.51
U0000546,880100000546,Dhaka,31,1516,mid,332.04
U0000547,880100000547,Khulna,47,1193,mid,877.26
U0000548,880100000548,Barishal,39,1689,high,597.33
U0000549,880100000549,Barishal,34,1063,low,636.74
U0000550,880100000550,Sylhet,21,1742,high,463.83
U0000551,880100000551,Rangpur,42,118,high,330.29
U0000552,880100000552,Khulna,28,101,mid,151.48
U0000553,880100000553,Rangpur,24,225,low,380.18
U0000554,880100000554,Rajshahi,23,1125,mid,240.88
U0000555,880100000555,Mymensingh,55,1426,low,629.67
U0000556,880100000556,Barishal,20,456,mid,803.2
U0000557,880100000557,Sylhet,47,336,mid,342.2
U0000558,880100000558,Mymensingh,50,1724,high,366.31
U0000559,880100000559,Rangpur,17,1508,mid,636.29
U0000560,880100000560,Rangpur,39,1307,mid,219.42
U0000561,880100000561,Barishal,39,992,mid,843.55
U0000562,880100000562,Dhaka,30,857,mid,391.08
U0000563,880100000563,Khulna,42,70,high,180.96
U0000564,880100000564,Chattogram,32,400,low,239.75
U0000565,880100000565,Mymensingh,33,1797,high,846.2
U0000566,880100000566,Chattogram,33,697,mid,297.7
U0000567,880100000567,Chattogram,48,1417,high,629.82
U0000568,880100000568,Chattogram,41,1416,mid,224.93
U0000569,880100000569,Sylhet,31,639,mid,255.28
U0000570,880100000570,Barishal,53,432,low,803.39
U0000571,880100000571,Mymensingh,48,1392,mid,218.43
U0000572,880100000572,Khulna,53,214,low,115.0
U0000573,880100000573,Rajshahi,45,1004,low,500.99
U0000574,880100000574,Dhaka,31,1779,low,790.18
U0000575,880100000575,Dhaka,46,1431,low,360.79
U0000576,880100000576,Rajshahi,29,1535,low,202.53
U0000577,880100000577,Mymensingh,26,194,mid,885.78
U0000578,880100000578,Barishal,34,423,low,641.39
U0000579,880100000579,Mymensingh,54,571,mid,780.55
U0000580,880100000580,Dhaka,38,605,low,701.71
U0000581,880100000581,Dhaka,31,412,mid,658.59
U0000582,880100000582,Rangpur,34,1944,mid,407.65
U0000583,880100000583,Dhaka,27,354,low,359.47
U0000584,880100000584,Dhaka,42,1425,mid,673.57
U0000585,880100000585,Khulna,30,1185,high,673.37
U0000586,880100000586,Mymensingh,38,1232,mid,860.47
U0000587,880100000587,Sylhet,30,452,low,554.93
U0000588,880100000588,Dhaka,28,636,mid,335.7
U0000589,880100000589,Rangpur,54,1224,mid,491.62
U0000590,880100000590,Rangpur,29,619,low,590.97
U0000591,880100000591,Rangpur,18,1397,mid,441.38
U0000592,880100000592,Mymensingh,31,107,low,732.91
U0000593,880100000593,Chattogram,37,173,mid,567.69
U0000594,880100000594,Mymensingh,19,1465,low,107.55
U0000595,880100000595,Rajshahi,28,1245,low,555.87
U0000596,880100000596,Rangpur,22,115,high,606.88
U0000597,880100000597,Barishal,36,1801,high,832.21
U0000598,880100000598,Rangpur,44,39,high,430.98
U0000599,880100000599,Sylhet,54,1912,high,559.57
U0000600,880100000600,Sylhet,31,1467,low,480.0
U0000601,880100000601,Barishal,50,1976,low,525.33
U0000602,880100000602,Rangpur,24,1899,low,153.84
U0000603,880100000603,Sylhet,47,646,mid,817.83
U0000604,880100000604,Chattogram,38,1520,low,828.33
U0000605,880100000605,Rangpur,46,445,high,538.45
U0000606,880100000606,Barishal,46,959,low,545.24
U0000607,880100000607,Rajshahi,37,503,low,146.04
U0000608,880100000608,Barishal,26,987,low,578.36
U0000609,880100000609,Mymensingh,37,1748,low,443.32
U0000610,880100000610,Rangpur,49,889,low,667.23
U0000611,880100000611,Rangpur,54,212,mid,137.7
U0000612,880100000612,Khulna,53,669,low,668.71
U0000613,880100000613,Rangpur,23,1579,mid,329.52
U0000614,880100000614,Khulna,39,1057,high,621.36
U0000615,880100000615,Sylhet,20,1133,mid,601.7
U0000616,880100000616,Sylhet,42,879,mid,281.47
U0000617,880100000617,Chattogram,55,606,low,452.36
U0000618,880100000618,Rajshahi,18,1208,low,768.51
U0000619,880100000619,Dhaka,42,1277,low,584.47
U0000620,880100000620,Chattogram,53,1799,high,154.99
U0000621,880100000621,Khulna,49,1247,mid,454.33
U0000622,880100000622,Khulna,31,1990,low,349.42
U0000623,880100000623,Chattogram,20,1658,mid,613.32
U0000624,880100000624,Khulna,52,185,mid,591.65
U0000625,880100000625,Barishal,52,802,mid,108.32
U0000626,880100000626,Chattogram,39,787,mid,586.16
U0000627,880100000627,Rajshahi,55,35,high,687.88
U0000628,880100000628,Rajshahi,16,385,mid,714.98
U0000629,880100000629,Barishal,40,1531,mid,147.18
U0000630,880100000630,Rajshahi,17,723,low,342.93
U0000631,880100000631,Sylhet,53,321,low,437.02
U0000632,880100000632,Rajshahi,43,596,high,243.82
U0000633,880100000633,Khulna,52,571,mid,436.59
U0000634,880100000634,Khulna,38,373,low,156.9
U0000635,880100000635,Chattogram,19,229,mid,190.57
U0000636,880100000636,Sylhet,17,1535,low,634.96
U0000637,880100000637,Chattogram,29,1654,mid,310.06
U0000638,880100000638,Rajshahi,45,1007,low,669.12
U0000639,880100000639,Rangpur,22,1242,mid,138.49
U0000640,880100000640,Mymensingh,50,1840,mid,550.16
U0000641,880100000641,Sylhet,25,1690,low,413.16
U0000642,880100000642,Mymensingh,35,94,low,737.58
U0000643,880100000643,Rangpur,24,1907,mid,727.16
U0000644,880100000644,Khulna,34,161,low,400.45
U0000645,880100000645,Rangpur,34,82,low,598.17
U0000646,880100000646,Rajshahi,16,824,mid,282.04
U0000647,880100000647,Khulna,38,1499,low,564.33
U0000648,880100000648,Barishal,47,188,low,165.01
U0000649,880100000649,Mymensingh,53,607,low,447.68
U0000650,880100000650,Rangpur,29,547,high,246.18
U0000651,880100000651,Khulna,51,812,low,806.7
U0000652,880100000652,Sylhet,51,1972,low,455.92
U0000653,880100000653,Chattogram,55,682,low,572.62
U0000654,880100000654,Rangpur,30,441,low,388.31
U0000655,880100000655,Barishal,50,270,low,330.99
U0000656,880100000656,Barishal,38,420,low,262.34
U0000657,880100000657,Rangpur,18,292,low,829.5
U0000658,880100000658,Sylhet,26,1160,low,739.57
U0000659,880100000659,Dhaka,42,858,high,206.61
U0000660,880100000660,Rajshahi,22,1011,low,697.38
U0000661,880100000661,Chattogram,33,1669,low,434.82
U0000662,880100000662,Sylhet,46,1173,high,112.32
U0000663,880100000663,Dhaka,21,335,high,522.69
U0000664,880100000664,Chattogram,35,772,mid,204.04
U0000665,880100000665,Barishal,24,645,low,267.95
U0000666,880100000666,Sylhet,37,1658,low,656.83
U0000667,880100000667,Barishal,25,634,low,305.71
U0000668,880100000668,Rangpur,54,303,low,813.51
U0000669,880100000669,Mymensingh,19,1479,low,625.74
U0000670,880100000670,Chattogram,54,873,mid,765.83
U0000671,880100000671,Mymensingh,47,218,low,592.15
U0000672,880100000672,Barishal,50,1388,mid,795.08
U0000673,880100000673,Sylhet,50,444,low,389.35
U0000674,880100000674,Dhaka,23,1740,low,539.31
U0000675,880100000675,Barishal,53,1669,mid,512.71
U0000676,880100000676,Sylhet,39,758,high,823.03
U0000677,880100000677,Barishal,54,1124,low,231.93
U0000678,880100000678,Dhaka,51,1148,mid,562.45
U0000679,880100000679,Barishal,39,1317,low,703.54
U0000680,880100000680,Mymensingh,30,166,low,396.04
U0000681,880100000681,Sylhet,20,669,mid,794.07
U0000682,880100000682,Chattogram,20,365,low,398.41
U0000683,880100000683,Mymensingh,31,1404,low,238.65
U0000684,880100000684,Mymensingh,48,166,mid,567.24
U0000685,880100000685,Chattogram,36,1048,low,436.45
U0000686,880100000686,Rangpur,35,1463,low,112.15
U0000687,880100000687,Khulna,25,1898,low,155.87
U0000688,880100000688,Barishal,38,597,high,256.22
U0000689,880100000689,Khulna,41,45,mid,715.46
U0000690,880100000690,Rangpur,55,1455,low,813.63
U0000691,880100000691,Mymensingh,45,33,low,536.51
U0000692,880100000692,Rangpur,40,160,mid,184.45
U0000693,880100000693,Mymensingh,52,1981,low,527.54
U0000694,880100000694,Mymensingh,32,1729,mid,784.48
U0000695,880100000695,Dhaka,53,1423,mid,699.58
U0000696,880100000696,Rajshahi,30,1675,low,332.88
U0000697,880100000697,Sylhet,21,178,low,199.11
U0000698,880100000698,Barishal,32,205,low,820.55
U0000699,880100000699,Dhaka,21,622,low,783.27
U0000700,880100000700,Dhaka,20,76,low,142.97
U0000701,880100000701,Barishal,51,1779,high,758.94
U0000702,880100000702,Barishal,47,140,low,177.77
U0000703,880100000703,Chattogram,24,1101,mid,150.63
U0000704,880100000704,Chattogram,49,1711,mid,706.88
U0000705,880100000705,Chattogram,18,1477,low,529.05
U0000706,880100000706,Barishal,27,492,low,431.64
U0000707,880100000707,Dhaka,44,956,low,823.09
U0000708,880100000708,Barishal,28,1110,mid,771.44
U0000709,880100000709,Khulna,45,1542,low,146.1
U0000710,880100000710,Khulna,50,869,mid,592.87
U0000711,880100000711,Sylhet,18,591,high,717.81
U0000712,880100000712,Barishal,16,1597,mid,540.39
U0000713,880100000713,Sylhet,53,1776,high,886.4
U0000714,880100000714,Rangpur,36,993,mid,648.84
U0000715,880100000715,Mymensingh,36,85,high,183.31
U0000716,880100000716,Rangpur,34,1016,mid,258.64
U0000717,880100000717,Barishal,33,1781,mid,761.0
U0000718,880100000718,Khulna,43,1978,mid,897.41
U0000719,880100000719,Chattogram,39,820,high,178.67
U0000720,880100000720,Barishal,22,325,mid,180.26
U0000721,880100000721,Chattogram,41,1157,mid,710.71
U0000722,880100000722,Mymensingh,42,1666,mid,151.48
U0000723,880100000723,Rangpur,20,1891,high,154.85
U0000724,880100000724,Dhaka,31,131,low,811.05
U0000725,880100000725,Rangpur,47,602,mid,740.36
U0000726,880100000726,Dhaka,40,970,mid,805.25
U0000727,880100000727,Sylhet,21,223,high,620.41
U0000728,880100000728,Dhaka,17,1776,low,358.03
U0000729,880100000729,Khulna,39,250,mid,825.05
U0000730,880100000730,Sylhet,34,1340,mid,338.98
U0000731,880100000731,Sylhet,54,1839,high,320.41
U0000732,880100000732,Khulna,36,1379,high,809.12
U0000733,880100000733,Mymensingh,53,1533,mid,644.66
U0000734,880100000734,Rangpur,24,548,mid,816.54
U0000735,880100000735,Chattogram,33,1660,low,224.72
U0000736,880100000736,Sylhet,21,854,high,861.84
U0000737,880100000737,Sylhet,38,150,low,590.19
U0000738,880100000738,Rajshahi,23,752,mid,634.43
U0000739,880100000739,Sylhet,35,719,mid,831.25
U0000740,880100000740,Mymensingh,29,1057,low,404.6
U0000741,880100000741,Rangpur,23,551,low,675.66
U0000742,880100000742,Rangpur,19,940,low,612.27
U0000743,880100000743,Sylhet,36,873,high,730.2
U0000744,880100000744,Rajshahi,53,673,mid,817.55
U0000745,880100000745,Rangpur,23,1401,low,644.05
U0000746,880100000746,Rajshahi,32,631,mid,154.11
U0000747,880100000747,Barishal,24,1538,low,246.51
U0000748,880100000748,Rajshahi,48,524,high,863.18
U0000749,880100000749,Rajshahi,32,1733,low,874.92
U0000750,880100000750,Chattogram,54,749,low,873.93
U0000751,880100000751,Mymensingh,25,110,low,129.44
U0000752,880100000752,Chattogram,19,325,mid,405.96
U0000753,880100000753,Dhaka,39,1618,mid,707.74
U0000754,880100000754,Mymensingh,42,1748,mid,702.31
U0000755,880100000755,Barishal,55,447,mid,168.73
U0000756,880100000756,Khulna,50,1216,low,587.59
U0000757,880100000757,Sylhet,51,1161,low,214.3
U0000758,880100000758,Khulna,41,293,low,494.57
U0000759,880100000759,Chattogram,30,920,high,291.75
U0000760,880100000760,Sylhet,33,1396,low,142.53
U0000761,880100000761,Chattogram,21,1935,high,164.02
U0000762,880100000762,Barishal,33,1699,low,828.71
U0000763,880100000763,Mymensingh,30,222,low,695.72
U0000764,880100000764,Mymensingh,17,497,low,845.46
U0000765,880100000765,Rajshahi,24,890,low,475.99
U0000766,880100000766,Rangpur,37,326,mid,430.63
U0000767,880100000767,Barishal,30,1154,mid,386.73
U0000768,880100000768,Khulna,55,46,low,593.05
U0000769,880100000769,Chattogram,35,253,mid,381.25
U0000770,880100000770,Khulna,54,123,mid,697.02
U0000771,880100000771,Sylhet,42,612,high,741.05
U0000772,880100000772,Mymensingh,17,1531,high,800.68
U0000773,880100000773,Dhaka,24,379,mid,294.24
U0000774,880100000774,Sylhet,44,1974,mid,521.62
U0000775,880100000775,Rangpur,37,560,mid,278.76
U0000776,880100000776,Mymensingh,28,118,mid,130.04
U0000777,880100000777,Khulna,36,690,mid,666.26
U0000778,880100000778,Dhaka,52,1503,low,539.19
U0000779,880100000779,Rajshahi,31,240,mid,679.14
U0000780,880100000780,Rangpur,17,171,high,170.1
U0000781,880100000781,Mymensingh,28,1703,low,896.42
U0000782,880100000782,Sylhet,53,1196,mid,895.48
U0000783,880100000783,Dhaka,46,706,high,472.0
U0000784,880100000784,Dhaka,49,1519,low,792.85
U0000785,880100000785,Khulna,52,1693,mid,294.85
U0000786,880100000786,Barishal,20,737,high,690.05
U0000787,880100000787,Dhaka,27,1135,high,803.38
U0000788,880100000788,Sylhet,18,51,low,751.73
U0000789,880100000789,Barishal,16,633,low,749.42
U0000790,880100000790,Dhaka,49,1202,mid,470.42
U0000791,880100000791,Dhaka,53,418,low,755.99
U0000792,880100000792,Khulna,22,1982,low,652.56
U0000793,880100000793,Sylhet,44,1943,low,205.96
U0000794,880100000794,Rangpur,37,537,low,191.35
U0000795,880100000795,Khulna,18,810,mid,717.54
U0000796,880100000796,Rajshahi,52,403,mid,600.37
U0000797,880100000797,Mymensingh,50,1022,mid,515.5
U0000798,880100000798,Khulna,38,274,mid,825.81
U0000799,880100000799,Rajshahi,44,800,low,627.67
U0000800,880100000800,Khulna,31,1123,low,416.92
U0000801,880100000801,Dhaka,47,1235,low,431.15
U0000802,880100000802,Rajshahi,33,1204,low,584.2
U0000803,880100000803,Barishal,55,466,low,708.22
U0000804,880100000804,Mymensingh,18,1590,low,551.48
U0000805,880100000805,Sylhet,22,1392,low,507.01
U0000806,880100000806,Rangpur,54,1513,low,681.52
U0000807,880100000807,Barishal,27,951,mid,664.21
U0000808,880100000808,Dhaka,28,1788,mid,764.28
U0000809,880100000809,Khulna,47,798,high,150.04
U0000810,880100000810,Mymensingh,23,1617,mid,703.96
U0000811,880100000811,Dhaka,36,430,mid,511.01
U0000812,880100000812,Mymensingh,27,517,low,159.75
U0000813,880100000813,Sylhet,23,1067,mid,643.21
U0000814,880100000814,Rajshahi,54,1125,low,673.23
U0000815,880100000815,Rangpur,23,1500,low,518.9
U0000816,880100000816,Rangpur,19,615,low,735.04
U0000817,880100000817,Dhaka,42,1749,low,340.2
U0000818,880100000818,Dhaka,50,679,low,261.53
U0000819,880100000819,Sylhet,21,1082,mid,380.59
U0000820,880100000820,Mymensingh,44,1865,mid,428.04
U0000821,880100000821,Dhaka,37,1092,mid,656.75
U0000822,880100000822,Sylhet,49,1373,mid,776.42
U0000823,880100000823,Chattogram,21,1819,mid,676.73
U0000824,880100000824,Sylhet,55,1949,low,239.19
U0000825,880100000825,Barishal,40,1013,mid,392.97
U0000826,880100000826,Dhaka,49,851,mid,226.73
U0000827,880100000827,Sylhet,30,417,low,649.38
U0000828,880100000828,Mymensingh,53,1088,low,298.54
U0000829,880100000829,Rangpur,41,1839,high,520.31
U0000830,880100000830,Dhaka,21,989,mid,733.46
U0000831,880100000831,Chattogram,52,716,mid,636.75
U0000832,880100000832,Chattogram,47,241,mid,338.7
U0000833,880100000833,Khulna,28,797,low,366.29
U0000834,880100000834,Chattogram,37,496,mid,622.69
U0000835,880100000835,Rangpur,31,1954,low,539.57
U0000836,880100000836,Rangpur,37,1069,low,177.11
U0000837,880100000837,Rangpur,54,299,mid,799.19
U0000838,880100000838,Chattogram,51,162,low,510.09
U0000839,880100000839,Dhaka,24,1705,mid,478.69
U0000840,880100000840,Mymensingh,54,1864,low,258.75
U0000841,880100000841,Rajshahi,33,1533,mid,401.6
U0000842,880100000842,Sylhet,44,273,mid,366.26
U0000843,880100000843,Mymensingh,46,223,mid,316.59
U0000844,880100000844,Dhaka,35,420,mid,553.93
U0000845,880100000845,Dhaka,34,1509,high,469.82
U0000846,880100000846,Dhaka,34,1537,mid,811.36
U0000847,880100000847,Chattogram,50,1680,mid,853.08
U0000848,880100000848,Dhaka,31,220,mid,275.58
U0000849,880100000849,Rangpur,27,331,low,180.08
U0000850,880100000850,Barishal,30,1803,low,728.27
U0000851,880100000851,Mymensingh,23,1859,low,895.89
U0000852,880100000852,Rangpur,31,1459,low,790.88
U0000853,880100000853,Mymensingh,20,238,low,118.96
U0000854,880100000854,Chattogram,19,165,low,301.01
U0000855,880100000855,Rajshahi,44,139,mid,134.67
U0000856,880100000856,Rangpur,19,1392,low,756.62
U0000857,880100000857,Chattogram,38,1696,mid,565.13
U0000858,880100000858,Dhaka,47,1274,low,510.97
U0000859,880100000859,Sylhet,44,546,mid,543.56
U0000860,880100000860,Rangpur,33,1521,low,301.96
U0000861,880100000861,Mymensingh,23,146,mid,581.31
U0000862,880100000862,Mymensingh,53,1661,low,124.53
U0000863,880100000863,Dhaka,49,1787,mid,616.81
U0000864,880100000864,Rangpur,40,1445,low,687.55
U0000865,880100000865,Rangpur,19,1762,high,638.42
U0000866,880100000866,Sylhet,17,1184,low,365.69
U0000867,880100000867,Rangpur,28,952,mid,761.01
U0000868,880100000868,Rangpur,22,665,low,672.44
U0000869,880100000869,Khulna,50,1845,mid,202.64
U0000870,880100000870,Dhaka,24,1403,mid,256.12
U0000871,880100000871,Khulna,27,405,low,609.69
U0000872,880100000872,Chattogram,55,1915,low,331.53
U0000873,880100000873,Dhaka,48,146,low,195.55
U0000874,880100000874,Dhaka,24,1187,low,223.98
U0000875,880100000875,Sylhet,31,405,high,232.49
U0000876,880100000876,Barishal,36,1338,low,482.23
U0000877,880100000877,Barishal,42,842,low,585.91
U0000878,880100000878,Sylhet,53,891,high,241.12
U0000879,880100000879,Barishal,50,1352,low,670.0
U0000880,880100000880,Sylhet,55,1519,low,324.81
U0000881,880100000881,Dhaka,17,778,mid,349.25
U0000882,880100000882,Rangpur,25,1995,high,278.8
U0000883,880100000883,Khulna,38,1011,mid,728.16
U0000884,880100000884,Chattogram,17,345,mid,867.85
U0000885,880100000885,Rangpur,30,42,high,494.0
U0000886,880100000886,Sylhet,22,428,low,133.62
U0000887,880100000887,Dhaka,53,1391,high,308.46
U0000888,880100000888,Chattogram,18,1092,mid,226.44
U0000889,880100000889,Dhaka,21,695,high,774.21
U0000890,880100000890,Rajshahi,23,978,low,167.88
U0000891,880100000891,Dhaka,21,1681,low,873.18
U0000892,880100000892,Sylhet,38,1155,mid,570.81
U0000893,880100000893,Barishal,30,144,mid,514.19
U0000894,880100000894,Mymensingh,52,126,mid,777.88
U0000895,880100000895,Sylhet,26,979,high,122.04
U0000896,880100000896,Barishal,37,826,mid,721.72
U0000897,880100000897,Barishal,42,1705,low,193.28
U0000898,880100000898,Dhaka,41,1178,low,772.62
U0000899,880100000899,Dhaka,47,1521,low,523.34
U0000900,880100000900,Barishal,24,1182,low,148.9
U0000901,880100000901,Dhaka,36,710,low,766.6
U0000902,880100000902,Dhaka,48,1324,mid,121.85
U0000903,880100000903,Chattogram,50,1254,mid,210.7
U0000904,880100000904,Mymensingh,40,1448,mid,738.26
U0000905,880100000905,Khulna,42,402,low,471.9
U0000906,880100000906,Sylhet,50,1293,mid,805.11
U0000907,880100000907,Khulna,40,592,mid,608.34
U0000908,880100000908,Chattogram,53,1586,high,598.82
U0000909,880100000909,Rajshahi,21,1603,mid,333.79
U0000910,880100000910,Dhaka,29,1260,mid,206.94
U0000911,880100000911,Rangpur,20,1894,mid,868.94
U0000912,880100000912,Chattogram,19,1088,mid,183.84
U0000913,880100000913,Khulna,34,79,high,523.21
U0000914,880100000914,Mymensingh,25,1224,low,318.05
U0000915,880100000915,Barishal,32,1562,low,311.31
U0000916,880100000916,Khulna,33,229,low,575.67
U0000917,880100000917,Barishal,40,236,mid,738.35
U0000918,880100000918,Rangpur,53,568,mid,721.74
U0000919,880100000919,Rajshahi,49,1693,mid,795.04
U0000920,880100000920,Sylhet,31,1068,low,334.32
U0000921,880100000921,Rangpur,29,1953,low,472.6
U0000922,880100000922,Barishal,46,1749,high,107.47
U0000923,880100000923,Khulna,20,1123,low,697.49
U0000924,880100000924,Chattogram,37,1367,high,341.87
U0000925,880100000925,Chattogram,32,682,low,549.19
U0000926,880100000926,Mymensingh,23,208,mid,235.44
U0000927,880100000927,Barishal,40,815,mid,755.52
U0000928,880100000928,Rajshahi,28,1196,mid,753.82
U0000929,880100000929,Khulna,23,388,low,801.96
U0000930,880100000930,Barishal,42,466,high,136.75
U0000931,880100000931,Barishal,22,59,mid,893.97
U0000932,880100000932,Sylhet,42,1476,mid,298.22
U0000933,880100000933,Rajshahi,22,1801,mid,347.55
U0000934,880100000934,Sylhet,33,1660,low,299.47
U0000935,880100000935,Khulna,48,778,mid,314.03
U0000936,880100000936,Mymensingh,25,1199,low,542.13
U0000937,880100000937,Chattogram,46,1922,low,291.85
U0000938,880100000938,Chattogram,44,1194,mid,415.02
U0000939,880100000939,Khulna,52,612,mid,624.49
U0000940,880100000940,Barishal,22,697,low,768.82
U0000941,880100000941,Sylhet,44,1462,low,654.19
U0000942,880100000942,Khulna,53,909,low,575.46
U0000943,880100000943,Mymensingh,46,1679,low,218.18
U0000944,880100000944,Khulna,23,1732,mid,752.89
U0000945,880100000945,Chattogram,48,100,low,129.82
U0000946,880100000946,Dhaka,20,1454,high,311.35
U0000947,880100000947,Mymensingh,39,758,low,145.65
U0000948,880100000948,Chattogram,35,1053,low,633.94
U0000949,880100000949,Mymensingh,37,551,high,394.7
U0000950,880100000950,Rajshahi,36,755,low,621.64
U0000951,880100000951,Dhaka,17,680,low,377.62
U0000952,880100000952,Rajshahi,36,129,high,464.59
U0000953,880100000953,Barishal,53,1572,high,466.37
U0000954,880100000954,Khulna,33,311,mid,136.46
U0000955,880100000955,Rangpur,27,770,low,444.18
U0000956,880100000956,Barishal,55,410,mid,612.85
U0000957,880100000957,Khulna,19,346,high,536.84
U0000958,880100000958,Sylhet,35,765,high,160.23
U0000959,880100000959,Mymensingh,36,1839,low,634.44
U0000960,880100000960,Khulna,35,1889,low,347.09
U0000961,880100000961,Chattogram,52,781,low,111.55
U0000962,880100000962,Khulna,32,1025,low,224.48
U0000963,880100000963,Rangpur,54,1971,mid,498.05
U0000964,880100000964,Chattogram,18,492,low,348.32
U0000965,880100000965,Mymensingh,45,1891,low,655.51
U0000966,880100000966,Barishal,39,238,low,292.52
U0000967,880100000967,Barishal,25,474,mid,718.24
U0000968,880100000968,Rajshahi,25,696,low,329.18
U0000969,880100000969,Mymensingh,44,103,low,596.69
U0000970,880100000970,Dhaka,41,1636,low,739.37
U0000971,880100000971,Rajshahi,40,1715,high,408.44
U0000972,880100000972,Khulna,18,785,low,137.44
U0000973,880100000973,Khulna,39,1677,mid,528.36
U0000974,880100000974,Khulna,55,1551,low,896.33
U0000975,880100000975,Chattogram,16,1608,low,875.19
U0000976,880100000976,Chattogram,34,1611,low,276.82
U0000977,880100000977,Dhaka,35,1159,low,704.56
U0000978,880100000978,Barishal,51,248,low,375.96
U0000979,880100000979,Rajshahi,27,1849,mid,228.22
U0000980,880100000980,Barishal,35,1229,mid,632.73
U0000981,880100000981,Barishal,44,1805,low,500.69
U0000982,880100000982,Sylhet,18,1919,low,531.38
U0000983,880100000983,Barishal,48,398,mid,761.91
U0000984,880100000984,Sylhet,48,822,low,369.23
U0000985,880100000985,Barishal,44,409,low,633.68
U0000986,880100000986,Sylhet,41,130,low,392.95
U0000987,880100000987,Barishal,45,1933,low,134.18
U0000988,880100000988,Rajshahi,47,1848,mid,402.41
U0000989,880100000989,Chattogram,52,1865,high,860.03
U0000990,880100000990,Rangpur,33,1770,high,486.61
U0000991,880100000991,Rajshahi,34,1308,high,186.58
U0000992,880100000992,Barishal,41,1058,low,650.26
U0000993,880100000993,Chattogram,23,1983,low,870.7
U0000994,880100000994,Khulna,50,1117,low,826.36
U0000995,880100000995,Barishal,46,1295,low,557.57
U0000996,880100000996,Sylhet,41,447,low,401.02
U0000997,880100000997,Barishal,28,1501,low,564.54
U0000998,880100000998,Rajshahi,29,1644,mid,752.74
U0000999,880100000999,Mymensingh,33,1366,low,788.99
U0001000,880100001000,Barishal,42,1012,low,755.08
U0001001,880100001001,Rangpur,47,419,mid,464.38
U0001002,880100001002,Sylhet,42,96,low,195.09
U0001003,880100001003,Barishal,53,1265,high,555.34
U0001004,880100001004,Mymensingh,54,1375,low,225.14
U0001005,880100001005,Chattogram,44,1552,mid,148.77
U0001006,880100001006,Mymensingh,30,1902,low,498.93
U0001007,880100001007,Rangpur,39,1009,mid,624.3
U0001008,880100001008,Barishal,33,1663,low,783.32
U0001009,880100001009,Sylhet,41,1441,low,726.27
U0001010,880100001010,Barishal,48,576,mid,785.79
U0001011,880100001011,Rajshahi,30,1694,low,708.06
U0001012,880100001012,Rangpur,36,135,low,662.59
U0001013,880100001013,Chattogram,17,1209,high,108.11
U0001014,880100001014,Rajshahi,45,1882,low,600.88
U0001015,880100001015,Barishal,35,1328,mid,196.39
U0001016,880100001016,Rangpur,34,1876,mid,146.93
U0001017,880100001017,Khulna,37,140,low,225.13
U0001018,880100001018,Khulna,24,1078,mid,758.63
U0001019,880100001019,Dhaka,39,1567,low,695.08
U0001020,880100001020,Dhaka,45,1295,mid,859.02
U0001021,880100001021,Dhaka,29,1764,low,883.18
U0001022,880100001022,Dhaka,21,941,low,814.63
U0001023,880100001023,Rangpur,31,1374,low,206.34
U0001024,880100001024,Rangpur,23,856,high,802.71
U0001025,880100001025,Rangpur,30,1748,mid,770.91
U0001026,880100001026,Dhaka,41,265,high,796.87
U0001027,880100001027,Dhaka,20,530,mid,221.35
U0001028,880100001028,Rajshahi,45,220,mid,193.43
U0001029,880100001029,Barishal,24,1413,mid,839.05
U0001030,880100001030,Rajshahi,51,488,high,239.06
U0001031,880100001031,Khulna,45,654,mid,394.9
U0001032,880100001032,Chattogram,26,1678,low,464.79
U0001033,880100001033,Sylhet,38,739,mid,199.55
U0001034,880100001034,Rajshahi,20,317,mid,116.51
U0001035,880100001035,Dhaka,19,71,low,895.27
U0001036,880100001036,Sylhet,54,476,low,801.33
U0001037,880100001037,Mymensingh,48,1831,low,829.87
U0001038,880100001038,Dhaka,22,1110,mid,327.65
U0001039,880100001039,Khulna,27,1989,low,276.08
U0001040,880100001040,Rangpur,23,453,mid,440.69
U0001041,880100001041,Sylhet,31,722,low,462.66
U0001042,880100001042,Rangpur,27,351,mid,104.48
U0001043,880100001043,Khulna,29,814,low,723.4
U0001044,880100001044,Rajshahi,37,1139,high,897.33
U0001045,880100001045,Sylhet,23,1622,mid,522.95
U0001046,880100001046,Chattogram,51,755,low,410.61
U0001047,880100001047,Chattogram,45,1549,low,414.2
U0001048,880100001048,Barishal,46,1263,low,176.86
U0001049,880100001049,Sylhet,22,604,low,312.93
U0001050,880100001050,Dhaka,44,1827,mid,501.71
U0001051,880100001051,Barishal,49,885,high,445.48
U0001052,880100001052,Rajshahi,23,327,mid,536.03
U0001053,880100001053,Barishal,46,1926,mid,779.25
U0001054,880100001054,Mymensingh,30,1829,low,280.19
U0001055,880100001055,Dhaka,47,127,mid,122.13
U0001056,880100001056,Mymensingh,35,1807,mid,130.58
U0001057,880100001057,Khulna,48,1896,low,207.34
U0001058,880100001058,Rangpur,21,1663,high,556.39
U0001059,880100001059,Khulna,31,532,low,746.55
U0001060,880100001060,Rajshahi,26,1273,mid,809.44
U0001061,880100001061,Rangpur,25,1090,high,608.09
U0001062,880100001062,Sylhet,28,1251,mid,422.51
U0001063,880100001063,Chattogram,31,1244,low,223.61
U0001064,880100001064,Sylhet,21,1289,mid,421.13
U0001065,880100001065,Rangpur,44,1042,low,365.93
U0001066,880100001066,Khulna,38,1390,mid,796.02
U0001067,880100001067,Mymensingh,49,1067,low,489.38
U0001068,880100001068,Sylhet,44,62,mid,280.96
U0001069,880100001069,Rajshahi,21,99,high,331.04
U0001070,880100001070,Dhaka,18,1917,low,209.18
U0001071,880100001071,Sylhet,32,1821,low,834.87
U0001072,880100001072,Chattogram,35,1183,mid,140.28
U0001073,880100001073,Rangpur,25,373,low,110.28
U0001074,880100001074,Barishal,47,1569,low,246.39
U0001075,880100001075,Khulna,39,312,low,748.7
U0001076,880100001076,Chattogram,45,773,low,518.77
U0001077,880100001077,Sylhet,20,679,mid,600.67
U0001078,880100001078,Chattogram,48,54,mid,386.19
U0001079,880100001079,Khulna,24,1619,low,154.94
U0001080,880100001080,Rangpur,33,1034,mid,784.93
U0001081,880100001081,Mymensingh,33,653,low,253.52
U0001082,880100001082,Mymensingh,48,1029,low,126.45
U0001083,880100001083,Mymensingh,27,30,mid,558.16
U0001084,880100001084,Barishal,25,890,low,166.63
U0001085,880100001085,Chattogram,29,1053,mid,176.61
U0001086,880100001086,Rangpur,30,699,high,740.3
U0001087,880100001087,Rangpur,23,1665,mid,493.29
U0001088,880100001088,Mymensingh,23,522,mid,293.21
U0001089,880100001089,Sylhet,25,301,low,378.9
U0001090,880100001090,Chattogram,34,1069,low,683.39
U0001091,880100001091,Barishal,29,1777,low,153.08
U0001092,880100001092,Khulna,31,769,mid,193.18
U0001093,880100001093,Rangpur,44,121,mid,593.01
U0001094,880100001094,Khulna,25,1940,low,585.58
U0001095,880100001095,Rajshahi,52,905,low,877.97
U0001096,880100001096,Dhaka,46,370,low,399.64
U0001097,880100001097,Rangpur,22,1242,mid,152.06
U0001098,880100001098,Rangpur,28,659,mid,530.03
U0001099,880100001099,Dhaka,23,1877,mid,610.68
U0001100,880100001100,Khulna,26,609,high,211.68
U0001101,880100001101,Khulna,30,1113,low,542.29
U0001102,880100001102,Khulna,21,1100,mid,258.21
U0001103,880100001103,Mymensingh,16,507,mid,775.78
U0001104,880100001104,Chattogram,33,1013,low,768.13
U0001105,880100001105,Rajshahi,44,244,high,443.7
U0001106,880100001106,Chattogram,28,1298,low,873.39
U0001107,880100001107,Chattogram,50,1523,mid,883.82
U0001108,880100001108,Mymensingh,30,1901,mid,203.4
U0001109,880100001109,Mymensingh,52,671,high,394.17
U0001110,880100001110,Dhaka,25,591,mid,580.26
U0001111,880100001111,Sylhet,37,1111,low,167.87
U0001112,880100001112,Chattogram,46,1394,mid,406.12
U0001113,880100001113,Chattogram,18,1985,mid,308.94
U0001114,880100001114,Rajshahi,53,79,mid,861.64
U0001115,880100001115,Chattogram,30,499,mid,429.27
U0001116,880100001116,Khulna,35,546,low,710.14
U0001117,880100001117,Mymensingh,41,533,mid,409.36
U0001118,880100001118,Barishal,41,943,high,205.45
U0001119,880100001119,Sylhet,16,1749,low,790.52
U0001120,880100001120,Khulna,50,91,mid,100.33
U0001121,880100001121,Dhaka,40,1637,high,144.75
U0001122,880100001122,Dhaka,55,1246,mid,391.51
U0001123,880100001123,Rajshahi,34,1241,high,649.52
U0001124,880100001124,Chattogram,40,1366,low,373.36
U0001125,880100001125,Rangpur,33,257,high,153.05
U0001126,880100001126,Rangpur,51,1501,low,354.27
U0001127,880100001127,Rangpur,49,518,mid,295.98
U0001128,880100001128,Sylhet,52,1047,mid,104.34
U0001129,880100001129,Barishal,36,1363,mid,527.84
U0001130,880100001130,Sylhet,47,1219,high,193.32
U0001131,880100001131,Khulna,30,666,mid,330.0
U0001132,880100001132,Sylhet,34,810,mid,612.95
U0001133,880100001133,Rangpur,46,968,low,680.09
U0001134,880100001134,Rangpur,19,111,mid,310.76
U0001135,880100001135,Barishal,44,1460,mid,363.35
U0001136,880100001136,Dhaka,16,226,low,297.53
U0001137,880100001137,Sylhet,39,933,mid,865.51
U0001138,880100001138,Rajshahi,35,1320,high,252.42
U0001139,880100001139,Sylhet,34,188,mid,246.54
U0001140,880100001140,Barishal,35,1991,mid,456.03
U0001141,880100001141,Mymensingh,35,773,low,251.45
U0001142,880100001142,Rajshahi,32,61,mid,225.37
U0001143,880100001143,Mymensingh,34,1327,low,176.7
U0001144,880100001144,Rangpur,38,1128,low,612.14
U0001145,880100001145,Rajshahi,46,1291,mid,589.67
U0001146,880100001146,Khulna,38,1509,low,620.13
U0001147,880100001147,Barishal,41,966,low,718.64
U0001148,880100001148,Rangpur,49,1658,mid,361.09
U0001149,880100001149,Sylhet,55,759,low,834.74
U0001150,880100001150,Rangpur,20,1104,low,686.56
U0001151,880100001151,Rajshahi,44,342,low,743.77
U0001152,880100001152,Barishal,25,1251,mid,676.77
U0001153,880100001153,Khulna,23,545,low,386.76
U0001154,880100001154,Mymensingh,47,1402,mid,326.43
U0001155,880100001155,Rajshahi,18,1608,mid,438.01
U0001156,880100001156,Barishal,49,1722,low,177.62
U0001157,880100001157,Dhaka,46,1860,high,461.02
U0001158,880100001158,Rangpur,55,270,low,134.51
U0001159,880100001159,Khulna,42,301,mid,103.16
U0001160,880100001160,Rajshahi,50,1854,low,845.2
U0001161,880100001161,Barishal,20,780,mid,651.47
U0001162,880100001162,Khulna,51,81,low,549.48
U0001163,880100001163,Rangpur,22,595,high,372.88
U0001164,880100001164,Barishal,28,1677,low,556.43
U0001165,880100001165,Barishal,21,729,mid,813.26
U0001166,880100001166,Dhaka,32,181,low,621.9
U0001167,880100001167,Dhaka,45,1452,low,581.99
U0001168,880100001168,Khulna,26,413,low,468.16
U0001169,880100001169,Mymensingh,48,725,mid,376.56
U0001170,880100001170,Mymensingh,40,37,mid,658.84
U0001171,880100001171,Sylhet,41,1215,high,884.78
U0001172,880100001172,Sylhet,53,907,mid,439.81
U0001173,880100001173,Khulna,33,1738,high,413.76
U0001174,880100001174,Chattogram,29,688,low,442.49
U0001175,880100001175,Dhaka,55,433,mid,440.44
U0001176,880100001176,Rajshahi,38,357,mid,892.5
U0001177,880100001177,Rajshahi,40,424,mid,665.42
U0001178,880100001178,Chattogram,27,918,high,387.35
U0001179,880100001179,Rajshahi,24,201,mid,397.2
U0001180,880100001180,Dhaka,22,822,high,444.64
U0001181,880100001181,Barishal,24,1713,mid,129.37
U0001182,880100001182,Mymensingh,23,1542,low,522.25
U0001183,880100001183,Sylhet,45,1285,mid,749.1
U0001184,880100001184,Khulna,18,1789,mid,628.45
U0001185,880100001185,Khulna,41,1567,high,258.74
U0001186,880100001186,Rajshahi,53,1315,mid,682.43
U0001187,880100001187,Chattogram,46,1730,low,675.57
U0001188,880100001188,Barishal,32,275,low,310.03
U0001189,880100001189,Barishal,18,1641,low,598.3
U0001190,880100001190,Dhaka,49,611,mid,588.76
U0001191,880100001191,Khulna,16,1474,low,771.83
U0001192,880100001192,Rajshahi,43,1829,mid,208.86
U0001193,880100001193,Chattogram,42,1007,mid,255.87
U0001194,880100001194,Sylhet,23,204,mid,488.78
U0001195,880100001195,Barishal,45,759,low,135.32
U0001196,880100001196,Sylhet,23,831,mid,432.48
U0001197,880100001197,Sylhet,25,1875,low,730.58
U0001198,880100001198,Mymensingh,48,1886,high,218.97
U0001199,880100001199,Rangpur,55,1149,low,467.96
U0001200,880100001200,Barishal,26,1902,low,891.82
U0001201,880100001201,Mymensingh,52,889,low,504.74
U0001202,880100001202,Khulna,52,840,mid,498.66
U0001203,880100001203,Mymensingh,46,1677,low,547.03
U0001204,880100001204,Rangpur,21,1344,mid,248.8
U0001205,880100001205,Sylhet,27,1059,mid,217.73
U0001206,880100001206,Mymensingh,43,929,mid,641.88
U0001207,880100001207,Barishal,55,1420,low,416.61
U0001208,880100001208,Sylhet,48,1514,low,331.93
U0001209,880100001209,Rajshahi,32,996,low,125.11
U0001210,880100001210,Mymensingh,25,92,low,776.84
U0001211,880100001211,Barishal,54,230,mid,125.86
U0001212,880100001212,Rangpur,27,313,low,699.99
U0001213,880100001213,Khulna,29,940,low,405.59
U0001214,880100001214,Rangpur,54,1239,low,578.95
U0001215,880100001215,Dhaka,38,1613,mid,298.14
U0001216,880100001216,Dhaka,26,488,low,224.32
U0001217,880100001217,Barishal,16,1579,mid,526.71
U0001218,880100001218,Sylhet,33,1342,low,656.49
U0001219,880100001219,Rangpur,55,131,high,256.39
U0001220,880100001220,Khulna,33,721,mid,449.09
U0001221,880100001221,Sylhet,43,626,low,455.72
U0001222,880100001222,Barishal,26,1776,low,272.78
U0001223,880100001223,Mymensingh,47,1844,low,552.04
U0001224,880100001224,Sylhet,47,1643,low,216.75
U0001225,880100001225,Khulna,40,1070,low,507.8
U0001226,880100001226,Mymensingh,46,1000,high,190.75
U0001227,880100001227,Dhaka,39,643,mid,488.43
U0001228,880100001228,Mymensingh,31,1552,low,349.28
U0001229,880100001229,Chattogram,45,199,mid,461.8
U0001230,880100001230,Rajshahi,49,564,low,447.0
U0001231,880100001231,Rangpur,49,296,high,826.35
U0001232,880100001232,Sylhet,24,1003,low,491.95
U0001233,880100001233,Mymensingh,43,620,mid,754.8
U0001234,880100001234,Sylhet,16,419,mid,280.52
U0001235,880100001235,Sylhet,38,771,low,381.67
U0001236,880100001236,Rajshahi,38,1725,low,160.07
U0001237,880100001237,Dhaka,30,1129,low,436.6
U0001238,880100001238,Dhaka,55,1651,high,634.96
U0001239,880100001239,Rajshahi,51,1830,mid,770.53
U0001240,880100001240,Dhaka,17,1807,mid,552.73
U0001241,880100001241,Barishal,24,721,mid,612.06
U0001242,880100001242,Rangpur,24,1758,mid,241.81
U0001243,880100001243,Mymensingh,51,1821,mid,129.76
U0001244,880100001244,Khulna,36,1920,mid,733.35
U0001245,880100001245,Mymensingh,45,721,mid,233.63
U0001246,880100001246,Mymensingh,48,479,low,172.94
U0001247,880100001247,Rangpur,46,1181,high,850.05
U0001248,880100001248,Khulna,19,1865,low,870.82
U0001249,880100001249,Rajshahi,21,1804,low,593.01
U0001250,880100001250,Mymensingh,31,1155,mid,402.91
U0001251,880100001251,Chattogram,29,324,low,766.59
U0001252,880100001252,Khulna,45,862,low,263.78
U0001253,880100001253,Dhaka,22,1436,low,443.51
U0001254,880100001254,Rangpur,30,1133,mid,385.61
U0001255,880100001255,Sylhet,25,710,mid,830.16
U0001256,880100001256,Dhaka,23,704,low,835.82
U0001257,880100001257,Chattogram,22,147,low,620.71
U0001258,880100001258,Barishal,23,598,mid,188.59
U0001259,880100001259,Barishal,38,1348,high,485.75
U0001260,880100001260,Rangpur,32,505,low,296.26
U0001261,880100001261,Rajshahi,33,1986,high,807.93
U0001262,880100001262,Mymensingh,35,192,high,210.72
U0001263,880100001263,Khulna,45,1189,low,143.45
U0001264,880100001264,Rangpur,50,1008,mid,663.54
U0001265,880100001265,Chattogram,37,1671,mid,462.63
U0001266,880100001266,Dhaka,41,1778,mid,770.69
U0001267,880100001267,Dhaka,45,1100,low,159.7
U0001268,880100001268,Rajshahi,43,1271,mid,740.86
U0001269,880100001269,Mymensingh,21,1406,mid,129.87
U0001270,880100001270,Dhaka,55,1056,mid,122.46
U0001271,880100001271,Rajshahi,22,394,high,469.05
U0001272,880100001272,Dhaka,32,874,mid,277.03
U0001273,880100001273,Mymensingh,42,505,mid,574.97
U0001274,880100001274,Sylhet,32,944,high,120.65
U0001275,880100001275,Rangpur,25,1241,low,128.31
U0001276,880100001276,Sylhet,52,442,low,681.72
U0001277,880100001277,Sylhet,18,521,low,268.13
U0001278,880100001278,Rangpur,25,1651,high,625.13
U0001279,880100001279,Dhaka,55,774,low,699.94
U0001280,880100001280,Rangpur,45,420,mid,147.46
U0001281,880100001281,Sylhet,19,1434,low,715.8
U0001282,880100001282,Sylhet,46,1441,low,314.74
U0001283,880100001283,Khulna,54,1657,mid,411.64
U0001284,880100001284,Rangpur,19,1527,low,169.31
U0001285,880100001285,Khulna,32,1984,high,770.9
U0001286,880100001286,Dhaka,34,1162,low,548.58
U0001287,880100001287,Mymensingh,21,595,high,503.73
U0001288,880100001288,Chattogram,24,1729,low,874.84
U0001289,880100001289,Dhaka,22,551,high,367.6
U0001290,880100001290,Barishal,23,603,mid,812.62
U0001291,880100001291,Chattogram,32,1662,low,675.75
U0001292,880100001292,Rangpur,34,1766,low,842.82
U0001293,880100001293,Khulna,25,698,low,826.24
U0001294,880100001294,Dhaka,27,1466,mid,892.82
U0001295,880100001295,Mymensingh,23,1847,mid,205.34
U0001296,880100001296,Barishal,47,1603,low,736.81
U0001297,880100001297,Rajshahi,24,39,low,743.6
U0001298,880100001298,Sylhet,52,1339,mid,615.5
U0001299,880100001299,Barishal,37,364,mid,323.09
U0001300,880100001300,Dhaka,48,1697,mid,872.12
U0001301,880100001301,Rangpur,41,162,mid,263.54
U0001302,880100001302,Khulna,26,1986,mid,499.66
U0001303,880100001303,Sylhet,40,379,high,517.19
U0001304,880100001304,Mymensingh,26,857,low,229.46
U0001305,880100001305,Barishal,20,491,low,678.02
U0001306,880100001306,Sylhet,26,1633,low,171.09
U0001307,880100001307,Rajshahi,27,805,mid,654.48
U0001308,880100001308,Chattogram,21,1496,low,778.89
U0001309,880100001309,Khulna,16,162,high,379.52
U0001310,880100001310,Rangpur,53,922,mid,667.54
U0001311,880100001311,Barishal,36,1824,mid,225.42
U0001312,880100001312,Rajshahi,32,1856,mid,776.76
U0001313,880100001313,Rangpur,53,441,low,861.63
U0001314,880100001314,Rangpur,24,807,mid,222.15
U0001315,880100001315,Mymensingh,32,835,low,653.49
U0001316,880100001316,Rajshahi,49,1143,mid,504.66
U0001317,880100001317,Sylhet,41,1088,high,525.2
U0001318,880100001318,Barishal,31,238,mid,665.19
U0001319,880100001319,Khulna,26,1532,high,490.99
U0001320,880100001320,Khulna,17,474,low,580.26
U0001321,880100001321,Dhaka,19,650,mid,284.72
U0001322,880100001322,Rajshahi,22,1686,mid,402.81
U0001323,880100001323,Barishal,47,1388,mid,792.19
U0001324,880100001324,Mymensingh,41,811,low,187.92
U0001325,880100001325,Rangpur,33,1827,low,578.06
U0001326,880100001326,Chattogram,47,806,mid,247.43
U0001327,880100001327,Sylhet,22,1144,low,777.23
U0001328,880100001328,Dhaka,24,514,mid,563.24
U0001329,880100001329,Sylhet,31,390,mid,422.44
U0001330,880100001330,Rajshahi,52,998,high,299.86
U0001331,880100001331,Khulna,40,1139,low,449.48
U0001332,880100001332,Sylhet,50,1617,high,866.09
U0001333,880100001333,Khulna,25,800,low,507.37
U0001334,880100001334,Rangpur,49,1793,mid,475.59
U0001335,880100001335,Barishal,18,1226,mid,697.02
U0001336,880100001336,Mymensingh,25,168,low,403.24
U0001337,880100001337,Sylhet,36,1486,low,441.94
U0001338,880100001338,Rajshahi,18,1162,low,369.56
U0001339,880100001339,Rangpur,50,797,mid,220.74
U0001340,880100001340,Khulna,50,950,mid,671.05
U0001341,880100001341,Barishal,37,624,low,798.42
U0001342,880100001342,Chattogram,28,1240,low,824.47
U0001343,880100001343,Dhaka,19,1146,mid,804.64
U0001344,880100001344,Barishal,40,911,low,461.43
U0001345,880100001345,Chattogram,37,591,mid,327.25
U0001346,880100001346,Mymensingh,46,815,high,610.34
U0001347,880100001347,Rangpur,40,1010,mid,863.76
U0001348,880100001348,Sylhet,21,959,high,681.64
U0001349,880100001349,Sylhet,20,639,mid,495.88
U0001350,880100001350,Barishal,47,1176,mid,651.05
U0001351,880100001351,Dhaka,22,476,low,718.03
U0001352,880100001352,Khulna,53,1016,low,835.42
U0001353,880100001353,Khulna,20,269,mid,710.57
U0001354,880100001354,Mymensingh,45,960,low,446.55
U0001355,880100001355,Chattogram,55,1574,high,318.89
U0001356,880100001356,Khulna,33,1641,mid,499.91
U0001357,880100001357,Rajshahi,18,1398,high,362.54
U0001358,880100001358,Chattogram,51,1498,low,854.21
U0001359,880100001359,Dhaka,23,159,mid,506.37
U0001360,880100001360,Rajshahi,37,702,mid,477.65
U0001361,880100001361,Dhaka,55,1318,low,378.56
U0001362,880100001362,Dhaka,45,1607,mid,611.53
U0001363,880100001363,Rajshahi,17,1178,mid,516.04
U0001364,880100001364,Chattogram,48,1711,high,203.24
U0001365,880100001365,Barishal,22,567,mid,795.37
U0001366,880100001366,Dhaka,45,332,low,387.21
U0001367,880100001367,Rajshahi,40,200,mid,446.06
U0001368,880100001368,Khulna,27,1177,mid,264.53
U0001369,880100001369,Mymensingh,32,1340,low,542.72
U0001370,880100001370,Sylhet,20,592,low,661.64
U0001371,880100001371,Mymensingh,55,1573,low,804.93
U0001372,880100001372,Rajshahi,25,1486,low,141.29
U0001373,880100001373,Khulna,28,739,mid,878.67
U0001374,880100001374,Khulna,36,500,low,663.05
U0001375,880100001375,Mymensingh,42,1492,mid,327.44
U0001376,880100001376,Mymensingh,36,1352,low,263.58
U0001377,880100001377,Mymensingh,36,366,mid,336.87
U0001378,880100001378,Rangpur,39,532,low,800.58
U0001379,880100001379,Barishal,50,987,high,333.11
U0001380,880100001380,Barishal,31,1036,low,470.26
U0001381,880100001381,Mymensingh,49,356,mid,664.59
U0001382,880100001382,Rajshahi,47,1898,low,797.59
U0001383,880100001383,Rajshahi,54,795,low,626.86
U0001384,880100001384,Mymensingh,52,781,mid,702.49
U0001385,880100001385,Khulna,47,149,mid,238.66
U0001386,880100001386,Chattogram,25,1755,high,801.93
U0001387,880100001387,Barishal,46,493,low,320.58
U0001388,880100001388,Rajshahi,45,1974,low,202.7
U0001389,880100001389,Mymensingh,27,1007,mid,881.0
U0001390,880100001390,Mymensingh,43,1753,mid,261.31
U0001391,880100001391,Rajshahi,26,382,low,209.32
U0001392,880100001392,Barishal,36,356,mid,600.82
U0001393,880100001393,Mymensingh,47,1608,mid,355.09
U0001394,880100001394,Sylhet,23,1644,mid,206.68
U0001395,880100001395,Chattogram,29,1099,low,580.9
U0001396,880100001396,Barishal,47,93,low,707.19
U0001397,880100001397,Barishal,34,1889,low,734.56
U0001398,880100001398,Sylhet,54,804,mid,224.41
U0001399,880100001399,Dhaka,16,1873,low,545.49
U0001400,880100001400,Rajshahi,44,1745,mid,750.94
U0001401,880100001401,Rangpur,48,1707,mid,228.87
U0001402,880100001402,Chattogram,52,1386,mid,266.15
U0001403,880100001403,Rajshahi,22,1356,low,101.93
U0001404,880100001404,Rajshahi,55,1079,low,519.71
U0001405,880100001405,Chattogram,31,78,mid,255.75
U0001406,880100001406,Chattogram,30,794,mid,679.39
U0001407,880100001407,Rajshahi,30,1469,high,869.77
U0001408,880100001408,Rangpur,41,1630,low,267.0
U0001409,880100001409,Dhaka,42,1132,high,619.28
U0001410,880100001410,Rajshahi,34,1427,low,269.47
U0001411,880100001411,Dhaka,18,72,low,114.41
U0001412,880100001412,Barishal,55,952,low,706.84
U0001413,880100001413,Rajshahi,24,1030,mid,447.2
U0001414,880100001414,Rangpur,19,1788,low,857.43
U0001415,880100001415,Barishal,39,642,low,527.43
U0001416,880100001416,Rangpur,32,482,mid,225.99
U0001417,880100001417,Sylhet,40,724,mid,459.82
U0001418,880100001418,Khulna,51,365,low,262.31
U0001419,880100001419,Rangpur,19,1130,low,802.42
U0001420,880100001420,Khulna,27,1296,mid,652.72
U0001421,880100001421,Mymensingh,36,1608,low,372.99
U0001422,880100001422,Mymensingh,47,1944,low,522.26
U0001423,880100001423,Barishal,40,175,mid,635.58
U0001424,880100001424,Sylhet,31,517,low,726.29
U0001425,880100001425,Rajshahi,40,622,mid,164.12
U0001426,880100001426,Rangpur,55,521,low,118.02
U0001427,880100001427,Sylhet,35,1659,low,191.56
U0001428,880100001428,Mymensingh,51,304,low,416.0
U0001429,880100001429,Rajshahi,47,88,low,473.37
U0001430,880100001430,Rangpur,28,1725,low,209.17
U0001431,880100001431,Khulna,25,1924,low,428.92
U0001432,880100001432,Chattogram,46,476,high,453.3
U0001433,880100001433,Chattogram,24,685,mid,187.27
U0001434,880100001434,Barishal,29,1021,low,833.33
U0001435,880100001435,Rajshahi,25,1066,mid,579.32
U0001436,880100001436,Dhaka,40,1982,mid,410.83
U0001437,880100001437,Khulna,27,826,mid,505.53
U0001438,880100001438,Sylhet,42,53,low,351.36
U0001439,880100001439,Rajshahi,53,862,low,783.46
U0001440,880100001440,Mymensingh,49,1126,low,560.01
U0001441,880100001441,Rangpur,53,1048,low,495.92
U0001442,880100001442,Barishal,16,1039,low,828.71
U0001443,880100001443,Mymensingh,34,1847,high,770.38
U0001444,880100001444,Khulna,24,1620,high,750.24
U0001445,880100001445,Chattogram,52,525,low,280.49
U0001446,880100001446,Dhaka,44,729,mid,222.5
U0001447,880100001447,Mymensingh,28,1345,low,652.08
U0001448,880100001448,Mymensingh,38,838,mid,474.91
U0001449,880100001449,Sylhet,40,873,mid,646.97
U0001450,880100001450,Dhaka,35,360,low,708.5
U0001451,880100001451,Rajshahi,34,531,mid,336.25
U0001452,880100001452,Dhaka,18,1489,high,327.72
U0001453,880100001453,Dhaka,34,1690,mid,492.67
U0001454,880100001454,Chattogram,29,1575,mid,318.84
U0001455,880100001455,Barishal,48,636,mid,633.84
U0001456,880100001456,Dhaka,50,299,low,697.38
U0001457,880100001457,Mymensingh,46,344,low,477.63
U0001458,880100001458,Khulna,17,805,mid,679.04
U0001459,880100001459,Rajshahi,49,1049,low,508.35
U0001460,880100001460,Barishal,31,1789,mid,670.3
U0001461,880100001461,Rangpur,32,1800,low,279.97
U0001462,880100001462,Rajshahi,53,35,low,691.07
U0001463,880100001463,Dhaka,50,1423,low,672.1
U0001464,880100001464,Dhaka,18,618,high,313.28
U0001465,880100001465,Rangpur,30,419,low,544.78
U0001466,880100001466,Dhaka,45,1123,low,784.25
U0001467,880100001467,Sylhet,37,96,low,299.62
U0001468,880100001468,Khulna,26,688,mid,688.78
U0001469,880100001469,Rangpur,36,1117,high,863.17
U0001470,880100001470,Dhaka,50,565,low,792.99
U0001471,880100001471,Mymensingh,24,1198,high,421.22
U0001472,880100001472,Sylhet,45,936,low,585.77
U0001473,880100001473,Khulna,45,1604,mid,893.42
U0001474,880100001474,Chattogram,51,387,low,554.75
U0001475,880100001475,Mymensingh,27,142,mid,192.02
U0001476,880100001476,Rajshahi,24,1073,mid,136.34
U0001477,880100001477,Khulna,37,536,mid,732.25
U0001478,880100001478,Khulna,37,1422,low,438.9
U0001479,880100001479,Chattogram,32,213,mid,297.45
U0001480,880100001480,Khulna,47,1163,high,378.14
U0001481,880100001481,Chattogram,47,1979,mid,705.9
U0001482,880100001482,Dhaka,25,213,mid,472.2
U0001483,880100001483,Rajshahi,47,624,mid,794.8
U0001484,880100001484,Dhaka,25,1693,low,687.94
U0001485,880100001485,Khulna,32,1081,high,879.21
U0001486,880100001486,Rangpur,17,374,low,810.8
U0001487,880100001487,Chattogram,29,449,mid,303.64
U0001488,880100001488,Dhaka,54,1536,low,627.25
U0001489,880100001489,Dhaka,33,1725,low,116.43
U0001490,880100001490,Barishal,44,740,mid,892.89
U0001491,880100001491,Rajshahi,20,963,mid,308.8
U0001492,880100001492,Khulna,41,1572,high,631.84
U0001493,880100001493,Dhaka,30,378,high,779.32
U0001494,880100001494,Rajshahi,45,436,low,228.37
U0001495,880100001495,Khulna,53,1555,low,778.3
U0001496,880100001496,Khulna,37,397,low,109.8
U0001497,880100001497,Barishal,20,1548,mid,453.58
U0001498,880100001498,Rangpur,35,1009,mid,477.63
U0001499,880100001499,Khulna,20,1980,high,399.27
U0001500,880100001500,Rangpur,33,94,mid,569.11
U0001501,880100001501,Barishal,18,1893,low,831.87
U0001502,880100001502,Rajshahi,41,473,mid,361.59
U0001503,880100001503,Chattogram,28,99,mid,563.41
U0001504,880100001504,Rajshahi,24,1456,mid,801.97
U0001505,880100001505,Barishal,16,1079,low,718.4
U0001506,880100001506,Chattogram,51,1679,low,132.59
U0001507,880100001507,Mymensingh,49,243,low,854.23
U0001508,880100001508,Khulna,48,189,low,137.32
U0001509,880100001509,Rangpur,18,1147,mid,571.01
U0001510,880100001510,Sylhet,29,1767,low,560.28
U0001511,880100001511,Rajshahi,54,829,mid,729.11
U0001512,880100001512,Chattogram,39,1601,mid,218.75
U0001513,880100001513,Sylhet,21,1815,high,243.5
U0001514,880100001514,Rajshahi,21,1743,low,701.69
U0001515,880100001515,Chattogram,26,1032,low,219.6
U0001516,880100001516,Mymensingh,54,1405,low,475.56
U0001517,880100001517,Khulna,22,1065,low,685.32
U0001518,880100001518,Dhaka,52,1358,low,620.99
U0001519,880100001519,Khulna,43,1147,mid,268.48
U0001520,880100001520,Khulna,52,1064,low,343.17
U0001521,880100001521,Rangpur,49,890,low,875.18
U0001522,880100001522,Sylhet,29,1315,low,458.94
U0001523,880100001523,Chattogram,49,1509,mid,135.57
U0001524,880100001524,Chattogram,22,1840,high,275.67
U0001525,880100001525,Barishal,27,1238,mid,373.95
U0001526,880100001526,Dhaka,24,228,mid,899.59
U0001527,880100001527,Rajshahi,21,1187,mid,342.15
U0001528,880100001528,Chattogram,19,652,mid,121.12
U0001529,880100001529,Dhaka,23,82,low,510.34
U0001530,880100001530,Mymensingh,20,172,mid,166.88
U0001531,880100001531,Dhaka,31,1194,mid,319.25
U0001532,880100001532,Dhaka,18,1891,low,893.91
U0001533,880100001533,Mymensingh,18,1025,mid,663.71
U0001534,880100001534,Chattogram,55,907,mid,140.53
U0001535,880100001535,Rangpur,19,204,mid,458.95
U0001536,880100001536,Dhaka,18,1360,low,237.31
U0001537,880100001537,Chattogram,17,139,mid,198.36
U0001538,880100001538,Dhaka,21,1687,high,569.65
U0001539,880100001539,Sylhet,37,1638,low,504.52
U0001540,880100001540,Barishal,49,1982,low,694.29
U0001541,880100001541,Khulna,45,590,low,813.84
U0001542,880100001542,Chattogram,39,348,low,297.35
U0001543,880100001543,Dhaka,19,620,high,838.39
U0001544,880100001544,Barishal,46,1605,mid,514.39
U0001545,880100001545,Chattogram,17,461,low,307.07
U0001546,880100001546,Barishal,41,1778,low,776.63
U0001547,880100001547,Sylhet,32,333,high,128.42
U0001548,880100001548,Rangpur,51,126,low,547.61
U0001549,880100001549,Khulna,28,462,mid,677.3
U0001550,880100001550,Dhaka,41,1515,low,323.98
U0001551,880100001551,Rajshahi,33,1216,low,790.79
U0001552,880100001552,Rangpur,36,728,mid,292.23
U0001553,880100001553,Barishal,53,1322,low,771.9
U0001554,880100001554,Barishal,44,1307,mid,162.84
U0001555,880100001555,Khulna,32,1122,low,227.94
U0001556,880100001556,Chattogram,33,1042,mid,404.79
U0001557,880100001557,Mymensingh,44,229,mid,783.24
U0001558,880100001558,Rangpur,29,541,mid,215.67
U0001559,880100001559,Mymensingh,22,1069,low,800.35
U0001560,880100001560,Rangpur,34,296,mid,283.79
U0001561,880100001561,Rajshahi,18,967,high,462.01
U0001562,880100001562,Rajshahi,22,260,low,382.19
U0001563,880100001563,Chattogram,32,1580,low,194.5
U0001564,880100001564,Mymensingh,47,233,mid,855.45
U0001565,880100001565,Barishal,47,212,low,450.54
U0001566,880100001566,Khulna,26,1286,mid,652.27
U0001567,880100001567,Mymensingh,32,464,mid,560.21
U0001568,880100001568,Barishal,22,722,low,501.37
U0001569,880100001569,Mymensingh,46,649,mid,593.26
U0001570,880100001570,Mymensingh,25,456,mid,818.67
U0001571,880100001571,Dhaka,47,1530,low,659.45
U0001572,880100001572,Rajshahi,49,1393,high,525.98
U0001573,880100001573,Sylhet,43,500,low,616.15
U0001574,880100001574,Rangpur,29,1383,low,585.12
U0001575,880100001575,Chattogram,54,1435,mid,446.5
U0001576,880100001576,Rajshahi,43,1092,low,599.81
U0001577,880100001577,Barishal,41,1169,mid,454.86
U0001578,880100001578,Rangpur,50,1871,low,706.09
U0001579,880100001579,Dhaka,51,924,mid,875.13
U0001580,880100001580,Barishal,19,789,low,867.89
U0001581,880100001581,Rajshahi,51,1091,mid,756.59
U0001582,880100001582,Chattogram,46,1676,mid,581.41
U0001583,880100001583,Barishal,24,1427,mid,699.47
U0001584,880100001584,Khulna,28,178,high,242.44
U0001585,880100001585,Sylhet,46,934,mid,483.21
U0001586,880100001586,Rajshahi,24,1487,mid,305.84
U0001587,880100001587,Rangpur,34,471,mid,102.8
U0001588,880100001588,Dhaka,43,1977,high,873.39
U0001589,880100001589,Rangpur,42,1621,mid,791.08
U0001590,880100001590,Dhaka,52,1697,high,510.96
U0001591,880100001591,Sylhet,20,190,low,303.32
U0001592,880100001592,Rajshahi,27,1171,mid,654.38
U0001593,880100001593,Khulna,55,1069,mid,447.84
U0001594,880100001594,Dhaka,38,1264,low,742.68
U0001595,880100001595,Sylhet,25,1705,low,899.61
U0001596,880100001596,Chattogram,27,725,high,379.27
U0001597,880100001597,Sylhet,29,1081,low,295.52
U0001598,880100001598,Sylhet,38,1368,low,313.91
U0001599,880100001599,Rangpur,27,1513,low,174.68
U0001600,880100001600,Sylhet,40,1547,low,415.24
U0001601,880100001601,Rajshahi,33,693,mid,113.94
U0001602,880100001602,Sylhet,40,1996,high,191.52
U0001603,880100001603,Rangpur,22,48,high,317.36
U0001604,880100001604,Rajshahi,40,1000,mid,227.89
U0001605,880100001605,Dhaka,52,1229,mid,685.73
U0001606,880100001606,Mymensingh,21,150,low,184.48
U0001607,880100001607,Chattogram,29,918,high,792.8
U0001608,880100001608,Barishal,43,1203,low,276.89
U0001609,880100001609,Chattogram,40,1226,low,186.87
U0001610,880100001610,Chattogram,42,264,high,108.09
U0001611,880100001611,Rangpur,38,576,high,672.16
U0001612,880100001612,Chattogram,43,512,low,305.29
U0001613,880100001613,Sylhet,40,1290,mid,507.6
U0001614,880100001614,Sylhet,18,677,mid,189.29
U0001615,880100001615,Dhaka,46,1155,low,888.24
U0001616,880100001616,Chattogram,33,1470,low,200.31
U0001617,880100001617,Rangpur,18,1600,low,429.54
U0001618,880100001618,Barishal,32,392,mid,781.32
U0001619,880100001619,Dhaka,33,1809,low,295.91
U0001620,880100001620,Mymensingh,19,356,mid,313.58
U0001621,880100001621,Rajshahi,55,73,low,746.8
U0001622,880100001622,Dhaka,24,118,high,318.67
U0001623,880100001623,Mymensingh,29,426,mid,102.3
U0001624,880100001624,Dhaka,33,1750,high,442.33
U0001625,880100001625,Barishal,49,439,low,110.03
U0001626,880100001626,Mymensingh,45,1396,mid,827.83
U0001627,880100001627,Barishal,46,854,mid,613.45
U0001628,880100001628,Barishal,25,108,low,566.41
U0001629,880100001629,Khulna,49,904,low,261.27
U0001630,880100001630,Chattogram,49,85,low,659.96
U0001631,880100001631,Barishal,34,968,low,641.8
U0001632,880100001632,Mymensingh,37,1130,low,148.37
U0001633,880100001633,Dhaka,17,1057,low,804.68
U0001634,880100001634,Mymensingh,46,586,low,563.53
U0001635,880100001635,Khulna,54,1540,mid,733.97
U0001636,880100001636,Barishal,34,1205,low,310.33
U0001637,880100001637,Chattogram,37,531,low,197.64
U0001638,880100001638,Barishal,35,886,mid,661.96
U0001639,880100001639,Chattogram,19,243,low,735.11
U0001640,880100001640,Rajshahi,40,1848,low,408.83
U0001641,880100001641,Sylhet,44,1513,low,118.95
U0001642,880100001642,Dhaka,53,596,low,754.6
U0001643,880100001643,Khulna,53,1359,mid,264.88
U0001644,880100001644,Barishal,35,1367,low,371.23
U0001645,880100001645,Chattogram,54,1231,low,602.58
U0001646,880100001646,Rajshahi,37,136,high,179.96
U0001647,880100001647,Rajshahi,41,1760,high,157.6
U0001648,880100001648,Sylhet,40,1913,low,120.56
U0001649,880100001649,Mymensingh,55,1949,low,833.31
U0001650,880100001650,Rangpur,45,1962,mid,349.11
U0001651,880100001651,Chattogram,20,1859,mid,628.53
U0001652,880100001652,Dhaka,18,1485,mid,891.39
U0001653,880100001653,Dhaka,32,142,low,635.56
U0001654,880100001654,Barishal,36,946,low,520.08
U0001655,880100001655,Chattogram,42,512,low,516.74
U0001656,880100001656,Chattogram,35,463,high,401.53
U0001657,880100001657,Rangpur,36,1666,high,579.82
U0001658,880100001658,Rangpur,52,1630,low,867.03
U0001659,880100001659,Rangpur,29,1058,mid,730.44
U0001660,880100001660,Rajshahi,35,1480,low,439.38
U0001661,880100001661,Barishal,38,284,mid,365.96
U0001662,880100001662,Barishal,34,467,high,806.83
U0001663,880100001663,Chattogram,54,1725,mid,208.63
U0001664,880100001664,Barishal,54,918,low,779.67
U0001665,880100001665,Barishal,36,1106,mid,304.06
U0001666,880100001666,Khulna,34,941,low,672.5
U0001667,880100001667,Rangpur,39,428,mid,744.98
U0001668,880100001668,Sylhet,23,1658,low,481.6
U0001669,880100001669,Barishal,33,1523,high,253.83
U0001670,880100001670,Sylhet,24,1377,low,775.81
U0001671,880100001671,Rangpur,21,725,low,394.01
U0001672,880100001672,Barishal,19,1297,low,356.54
U0001673,880100001673,Rajshahi,39,1907,low,508.01
U0001674,880100001674,Rangpur,16,1310,low,448.07
U0001675,880100001675,Sylhet,41,1003,mid,646.44
U0001676,880100001676,Mymensingh,33,562,low,209.76
U0001677,880100001677,Chattogram,30,1059,low,448.55
U0001678,880100001678,Khulna,46,762,low,813.36
U0001679,880100001679,Mymensingh,37,1234,low,128.85
U0001680,880100001680,Barishal,45,119,high,465.87
U0001681,880100001681,Mymensingh,44,404,high,628.43
U0001682,880100001682,Dhaka,17,1580,low,810.17
U0001683,880100001683,Dhaka,24,780,mid,575.03
U0001684,880100001684,Rangpur,38,883,mid,759.59
U0001685,880100001685,Rajshahi,55,1101,high,278.15
U0001686,880100001686,Barishal,22,893,low,382.25
U0001687,880100001687,Khulna,20,1524,low,853.71
U0001688,880100001688,Khulna,53,513,mid,808.78
U0001689,880100001689,Mymensingh,54,1524,high,546.36
U0001690,880100001690,Dhaka,22,442,mid,480.39
U0001691,880100001691,Rangpur,32,760,mid,460.85
U0001692,880100001692,Mymensingh,41,1188,low,147.03
U0001693,880100001693,Sylhet,23,1775,mid,813.9
U0001694,880100001694,Khulna,29,488,high,754.52
U0001695,880100001695,Chattogram,31,1187,low,465.0
U0001696,880100001696,Sylhet,41,156,mid,323.55
U0001697,880100001697,Khulna,28,178,low,374.34
U0001698,880100001698,Chattogram,32,1541,mid,198.53
U0001699,880100001699,Rajshahi,27,1446,mid,677.43
U0001700,880100001700,Mymensingh,46,771,mid,545.34
U0001701,880100001701,Rajshahi,22,1257,high,287.28
U0001702,880100001702,Chattogram,25,779,low,598.4
U0001703,880100001703,Sylhet,25,576,low,883.38
U0001704,880100001704,Chattogram,52,879,low,197.92
U0001705,880100001705,Mymensingh,53,644,low,466.79
U0001706,880100001706,Rangpur,36,1635,low,495.33
U0001707,880100001707,Mymensingh,22,840,low,233.44
U0001708,880100001708,Mymensingh,46,662,low,525.26
U0001709,880100001709,Chattogram,35,1086,low,584.78
U0001710,880100001710,Chattogram,49,1523,low,225.88
U0001711,880100001711,Rajshahi,30,569,mid,223.78
U0001712,880100001712,Khulna,55,1880,low,785.08
U0001713,880100001713,Mymensingh,48,943,mid,349.11
U0001714,880100001714,Sylhet,24,1331,high,604.27
U0001715,880100001715,Sylhet,45,1915,mid,601.42
U0001716,880100001716,Mymensingh,27,880,low,771.34
U0001717,880100001717,Sylhet,29,423,low,691.92
U0001718,880100001718,Khulna,26,1503,mid,772.46
U0001719,880100001719,Khulna,43,43,mid,600.17
U0001720,880100001720,Barishal,26,932,low,459.57
U0001721,880100001721,Dhaka,41,1960,low,414.85
U0001722,880100001722,Sylhet,39,846,mid,403.22
U0001723,880100001723,Sylhet,46,1377,low,434.71
U0001724,880100001724,Sylhet,55,1064,mid,203.45
U0001725,880100001725,Barishal,16,452,low,439.17
U0001726,880100001726,Rangpur,55,655,low,411.56
U0001727,880100001727,Mymensingh,20,1061,mid,127.66
U0001728,880100001728,Barishal,37,235,low,320.1
U0001729,880100001729,Khulna,29,847,mid,701.53
U0001730,880100001730,Dhaka,41,847,low,562.36
U0001731,880100001731,Rangpur,44,1674,low,744.93
U0001732,880100001732,Mymensingh,50,273,high,534.15
U0001733,880100001733,Sylhet,32,1690,low,783.27
U0001734,880100001734,Rangpur,53,838,low,736.85
U0001735,880100001735,Rangpur,28,1313,high,178.63
U0001736,880100001736,Rangpur,24,1127,mid,881.61
U0001737,880100001737,Barishal,31,620,mid,111.8
U0001738,880100001738,Dhaka,37,1863,low,577.47
U0001739,880100001739,Dhaka,42,472,low,734.01
U0001740,880100001740,Chattogram,49,101,mid,365.52
U0001741,880100001741,Khulna,24,1507,low,578.86
U0001742,880100001742,Sylhet,28,1254,low,389.7
U0001743,880100001743,Khulna,53,1784,mid,148.49
U0001744,880100001744,Dhaka,33,931,low,106.77
U0001745,880100001745,Chattogram,25,63,low,175.89
U0001746,880100001746,Mymensingh,55,69,low,178.73
U0001747,880100001747,Mymensingh,33,883,low,588.71
U0001748,880100001748,Khulna,55,521,mid,520.69
U0001749,880100001749,Rangpur,52,1846,high,464.37
U0001750,880100001750,Sylhet,52,263,low,653.54
U0001751,880100001751,Mymensingh,39,1765,low,113.46
U0001752,880100001752,Mymensingh,47,457,mid,316.79
U0001753,880100001753,Sylhet,54,265,low,721.91
U0001754,880100001754,Khulna,26,570,mid,827.98
U0001755,880100001755,Sylhet,17,313,high,450.67
U0001756,880100001756,Rajshahi,28,820,mid,165.19
U0001757,880100001757,Rajshahi,41,681,low,738.98
U0001758,880100001758,Barishal,37,1072,high,808.14
U0001759,880100001759,Barishal,19,1088,low,430.93
U0001760,880100001760,Barishal,38,31,high,294.68
U0001761,880100001761,Khulna,22,275,mid,135.18
U0001762,880100001762,Khulna,36,348,mid,572.87
U0001763,880100001763,Dhaka,39,413,high,827.9
U0001764,880100001764,Barishal,41,214,mid,642.31
U0001765,880100001765,Barishal,32,649,low,353.8
U0001766,880100001766,Mymensingh,32,1112,low,614.31
U0001767,880100001767,Barishal,43,638,mid,765.65
U0001768,880100001768,Khulna,45,678,mid,480.66
U0001769,880100001769,Dhaka,48,955,low,755.8
U0001770,880100001770,Chattogram,29,1110,mid,413.53
U0001771,880100001771,Rajshahi,32,682,mid,378.8
U0001772,880100001772,Khulna,29,466,low,566.39
U0001773,880100001773,Rajshahi,37,836,low,471.75
U0001774,880100001774,Khulna,21,77,low,881.69
U0001775,880100001775,Rangpur,33,1000,low,513.11
U0001776,880100001776,Chattogram,23,1884,low,408.14
U0001777,880100001777,Rajshahi,37,813,low,415.95
U0001778,880100001778,Chattogram,50,243,low,538.35
U0001779,880100001779,Rajshahi,55,1422,low,383.93
U0001780,880100001780,Sylhet,33,279,mid,678.33
U0001781,880100001781,Dhaka,18,411,low,404.53
U0001782,880100001782,Rajshahi,25,318,high,407.32
U0001783,880100001783,Dhaka,20,1770,high,593.58
U0001784,880100001784,Mymensingh,46,1963,mid,148.68
U0001785,880100001785,Sylhet,55,1152,high,624.28
U0001786,880100001786,Chattogram,38,1246,high,503.98
U0001787,880100001787,Chattogram,23,1301,low,462.42
U0001788,880100001788,Dhaka,16,1232,mid,675.4
U0001789,880100001789,Khulna,55,1101,low,706.6
U0001790,880100001790,Rangpur,28,1973,mid,777.01
U0001791,880100001791,Barishal,20,1474,mid,399.84
U0001792,880100001792,Mymensingh,23,204,low,361.63
U0001793,880100001793,Rajshahi,26,802,low,671.47
U0001794,880100001794,Rajshahi,42,1949,high,565.44
U0001795,880100001795,Khulna,51,825,low,605.44
U0001796,880100001796,Chattogram,27,431,low,544.42
U0001797,880100001797,Mymensingh,43,1740,low,718.15
U0001798,880100001798,Chattogram,18,1257,mid,252.03
U0001799,880100001799,Khulna,16,1138,mid,544.57
U0001800,880100001800,Barishal,18,857,mid,226.48
U0001801,880100001801,Dhaka,52,275,low,425.8
U0001802,880100001802,Khulna,39,786,low,631.2
U0001803,880100001803,Khulna,48,891,low,494.46
U0001804,880100001804,Rajshahi,16,1864,mid,403.67
U0001805,880100001805,Chattogram,16,635,mid,807.98
U0001806,880100001806,Dhaka,49,323,mid,718.26
U0001807,880100001807,Dhaka,20,872,low,521.03
U0001808,880100001808,Khulna,22,1994,mid,860.04
U0001809,880100001809,Dhaka,36,979,low,439.49
U0001810,880100001810,Mymensingh,40,776,mid,730.46
U0001811,880100001811,Chattogram,25,1343,mid,234.35
U0001812,880100001812,Sylhet,33,1308,mid,328.63
U0001813,880100001813,Sylhet,42,619,mid,370.47
U0001814,880100001814,Khulna,33,1936,high,184.66
U0001815,880100001815,Mymensingh,31,1198,low,501.44
U0001816,880100001816,Dhaka,18,143,low,253.81
U0001817,880100001817,Chattogram,34,832,low,607.35
U0001818,880100001818,Rajshahi,48,1848,mid,252.07
U0001819,880100001819,Chattogram,41,804,mid,198.81
U0001820,880100001820,Rajshahi,51,1148,mid,875.27
U0001821,880100001821,Rajshahi,21,1236,mid,626.59
U0001822,880100001822,Rangpur,16,1417,low,849.16
U0001823,880100001823,Rajshahi,37,1748,mid,491.91
U0001824,880100001824,Mymensingh,23,323,mid,126.72
U0001825,880100001825,Rangpur,39,1047,low,559.5
U0001826,880100001826,Mymensingh,52,1080,low,546.66
U0001827,880100001827,Dhaka,29,330,low,111.98
U0001828,880100001828,Mymensingh,37,1356,low,788.99
U0001829,880100001829,Barishal,43,262,mid,595.98
U0001830,880100001830,Mymensingh,22,928,high,695.75
U0001831,880100001831,Rajshahi,51,680,mid,495.14
U0001832,880100001832,Mymensingh,24,335,low,594.72
U0001833,880100001833,Barishal,48,1649,mid,305.98
U0001834,880100001834,Dhaka,42,510,mid,879.01
U0001835,880100001835,Khulna,21,532,low,420.58
U0001836,880100001836,Chattogram,44,1713,mid,229.86
U0001837,880100001837,Mymensingh,23,1758,low,144.73
U0001838,880100001838,Rajshahi,39,97,low,608.94
U0001839,880100001839,Chattogram,54,577,low,886.7
U0001840,880100001840,Barishal,54,1426,low,816.64
U0001841,880100001841,Khulna,50,1562,high,661.68
U0001842,880100001842,Dhaka,35,1998,low,892.48
U0001843,880100001843,Rangpur,38,1122,low,678.26
U0001844,880100001844,Rangpur,28,44,low,371.4
U0001845,880100001845,Sylhet,52,1751,low,580.97
U0001846,880100001846,Barishal,35,347,low,163.81
U0001847,880100001847,Khulna,46,267,low,277.35
U0001848,880100001848,Barishal,30,1358,mid,434.03
U0001849,880100001849,Barishal,45,1219,low,261.45
U0001850,880100001850,Chattogram,24,148,mid,862.8
U0001851,880100001851,Dhaka,45,363,low,896.48
U0001852,880100001852,Rajshahi,17,1191,mid,396.75
U0001853,880100001853,Khulna,20,533,mid,667.38
U0001854,880100001854,Chattogram,30,1377,low,426.22
U0001855,880100001855,Dhaka,35,841,low,211.61
U0001856,880100001856,Rangpur,44,1188,high,369.54
U0001857,880100001857,Rajshahi,30,965,mid,286.7
U0001858,880100001858,Barishal,16,749,mid,362.46
U0001859,880100001859,Barishal,29,704,low,272.02
U0001860,880100001860,Sylhet,33,1403,low,189.88
U0001861,880100001861,Sylhet,37,1043,mid,273.94
U0001862,880100001862,Rajshahi,41,1200,high,824.61
U0001863,880100001863,Rangpur,25,1167,low,168.18
U0001864,880100001864,Rajshahi,40,439,mid,359.81
U0001865,880100001865,Rangpur,41,1829,mid,522.76
U0001866,880100001866,Khulna,47,1139,low,383.61
U0001867,880100001867,Dhaka,36,1444,low,514.09
U0001868,880100001868,Rangpur,48,1767,low,134.74
U0001869,880100001869,Dhaka,24,1851,low,618.86
U0001870,880100001870,Rangpur,44,1343,mid,550.78
U0001871,880100001871,Dhaka,17,1580,low,644.77
U0001872,880100001872,Chattogram,20,959,low,553.81
U0001873,880100001873,Barishal,50,1483,mid,450.32
U0001874,880100001874,Mymensingh,35,663,mid,380.11
U0001875,880100001875,Khulna,40,1432,mid,281.15
U0001876,880100001876,Dhaka,40,199,mid,500.05
U0001877,880100001877,Chattogram,43,1831,low,120.84
U0001878,880100001878,Mymensingh,25,511,mid,362.59
U0001879,880100001879,Sylhet,23,1323,low,642.3
U0001880,880100001880,Dhaka,17,52,low,186.97
U0001881,880100001881,Khulna,50,336,low,150.31
U0001882,880100001882,Rajshahi,24,1973,mid,621.74
U0001883,880100001883,Chattogram,39,1671,mid,418.22
U0001884,880100001884,Rangpur,34,468,low,741.46
U0001885,880100001885,Barishal,22,287,high,849.85
U0001886,880100001886,Chattogram,32,1635,mid,865.63
U0001887,880100001887,Sylhet,19,1980,low,440.47
U0001888,880100001888,Khulna,23,362,mid,311.46
U0001889,880100001889,Dhaka,21,1337,low,586.89
U0001890,880100001890,Khulna,48,588,high,602.55
U0001891,880100001891,Chattogram,38,1496,low,597.88
U0001892,880100001892,Chattogram,53,854,low,357.42
U0001893,880100001893,Mymensingh,33,276,low,151.0
U0001894,880100001894,Sylhet,24,669,low,268.0
U0001895,880100001895,Chattogram,40,1091,mid,223.54
U0001896,880100001896,Rangpur,53,1602,mid,199.12
U0001897,880100001897,Barishal,37,71,low,841.03
U0001898,880100001898,Rangpur,16,1916,mid,111.08
U0001899,880100001899,Sylhet,28,1309,high,581.49
U0001900,880100001900,Rajshahi,52,1754,mid,857.98
U0001901,880100001901,Barishal,36,1862,mid,388.04
U0001902,880100001902,Barishal,54,332,low,521.68
U0001903,880100001903,Sylhet,36,214,low,656.63
U0001904,880100001904,Chattogram,16,1560,high,353.74
U0001905,880100001905,Rajshahi,50,400,mid,482.12
U0001906,880100001906,Chattogram,46,321,mid,753.68
U0001907,880100001907,Rajshahi,44,952,high,696.28
U0001908,880100001908,Chattogram,54,1829,low,746.76
U0001909,880100001909,Dhaka,23,1597,mid,889.87
U0001910,880100001910,Mymensingh,52,1050,low,396.26
U0001911,880100001911,Dhaka,25,417,low,697.67
U0001912,880100001912,Mymensingh,54,692,mid,582.23
U0001913,880100001913,Dhaka,23,1386,low,633.28
U0001914,880100001914,Rangpur,38,339,high,691.9
U0001915,880100001915,Rajshahi,47,1063,low,699.79
U0001916,880100001916,Barishal,19,53,mid,808.6
U0001917,880100001917,Rajshahi,18,670,mid,379.46
U0001918,880100001918,Khulna,49,518,mid,622.79
U0001919,880100001919,Khulna,18,1371,high,324.23
U0001920,880100001920,Barishal,40,1830,low,575.65
U0001921,880100001921,Khulna,53,318,low,700.94
U0001922,880100001922,Barishal,40,1600,low,732.8
U0001923,880100001923,Rangpur,35,1322,low,436.1
U0001924,880100001924,Khulna,32,1940,high,506.98
U0001925,880100001925,Rajshahi,41,1825,mid,367.08
U0001926,880100001926,Chattogram,38,228,low,235.23
U0001927,880100001927,Rajshahi,36,1494,low,308.41
U0001928,880100001928,Chattogram,22,1196,mid,829.71
U0001929,880100001929,Chattogram,42,252,mid,347.18
U0001930,880100001930,Mymensingh,45,536,low,879.81
U0001931,880100001931,Dhaka,44,1856,mid,293.18
U0001932,880100001932,Khulna,19,1099,mid,678.46
U0001933,880100001933,Rangpur,44,696,mid,559.12
U0001934,880100001934,Mymensingh,45,661,low,657.5
U0001935,880100001935,Chattogram,23,1680,mid,615.17
U0001936,880100001936,Chattogram,49,588,low,665.4
U0001937,880100001937,Rajshahi,36,343,low,824.44
U0001938,880100001938,Barishal,34,1160,mid,550.78
U0001939,880100001939,Mymensingh,44,1985,mid,154.28
U0001940,880100001940,Chattogram,36,391,low,316.66
U0001941,880100001941,Chattogram,37,532,high,666.58
U0001942,880100001942,Rajshahi,28,954,low,495.26
U0001943,880100001943,Rangpur,53,423,mid,538.84
U0001944,880100001944,Dhaka,54,1312,high,577.26
U0001945,880100001945,Khulna,21,529,mid,406.1
U0001946,880100001946,Dhaka,45,282,mid,719.12
U0001947,880100001947,Chattogram,16,544,mid,678.83
U0001948,880100001948,Mymensingh,30,1863,mid,671.44
U0001949,880100001949,Dhaka,54,1871,mid,672.25
U0001950,880100001950,Rajshahi,22,1026,mid,812.29
U0001951,880100001951,Mymensingh,31,818,low,576.31
U0001952,880100001952,Barishal,24,1644,mid,873.66
U0001953,880100001953,Dhaka,45,412,low,195.35
U0001954,880100001954,Khulna,34,1318,high,605.57
U0001955,880100001955,Mymensingh,39,1369,low,673.54
U0001956,880100001956,Khulna,53,1428,low,481.78
U0001957,880100001957,Barishal,36,459,high,330.57
U0001958,880100001958,Barishal,45,1440,low,540.03
U0001959,880100001959,Sylhet,19,1235,low,391.8
U0001960,880100001960,Chattogram,24,1753,mid,827.3
U0001961,880100001961,Rangpur,53,373,low,385.43
U0001962,880100001962,Mymensingh,50,1238,low,240.57
U0001963,880100001963,Chattogram,42,1664,mid,561.11
U0001964,880100001964,Rangpur,31,578,low,416.79
U0001965,880100001965,Rangpur,23,1495,low,176.72
U0001966,880100001966,Sylhet,50,226,low,551.87
U0001967,880100001967,Rajshahi,47,1444,low,530.28
U0001968,880100001968,Khulna,25,1224,low,238.56
U0001969,880100001969,Rangpur,39,409,low,578.11
U0001970,880100001970,Chattogram,40,160,mid,553.89
U0001971,880100001971,Rangpur,35,1498,mid,718.89
U0001972,880100001972,Mymensingh,53,505,low,389.26
U0001973,880100001973,Sylhet,20,1009,low,299.01
U0001974,880100001974,Rajshahi,26,149,high,860.98
U0001975,880100001975,Barishal,19,1928,mid,548.97
U0001976,880100001976,Dhaka,43,1111,low,121.71
U0001977,880100001977,Mymensingh,41,1865,mid,756.57
U0001978,880100001978,Rajshahi,55,345,low,257.41
U0001979,880100001979,Dhaka,37,435,mid,728.83
U0001980,880100001980,Rangpur,22,1232,high,664.13
U0001981,880100001981,Sylhet,34,1220,high,875.05
U0001982,880100001982,Barishal,19,1588,low,872.46
U0001983,880100001983,Dhaka,42,1858,low,319.53
U0001984,880100001984,Rangpur,42,1649,low,713.16
U0001985,880100001985,Sylhet,50,306,low,353.48
U0001986,880100001986,Rangpur,29,639,low,603.36
U0001987,880100001987,Rangpur,28,1830,mid,578.2
U0001988,880100001988,Chattogram,18,1111,low,143.63
U0001989,880100001989,Chattogram,32,1738,high,104.15
U0001990,880100001990,Mymensingh,35,1139,low,146.21
U0001991,880100001991,Barishal,46,127,low,202.35
U0001992,880100001992,Khulna,46,961,high,306.12
U0001993,880100001993,Rajshahi,21,1654,mid,825.56
U0001994,880100001994,Sylhet,27,1320,low,514.91
U0001995,880100001995,Rangpur,36,291,mid,737.51
U0001996,880100001996,Dhaka,29,443,low,770.65
U0001997,880100001997,Barishal,17,1713,low,687.95
U0001998,880100001998,Mymensingh,49,1959,mid,413.11
U0001999,880100001999,Rajshahi,45,1513,low,791.09
U0002000,880100002000,Rajshahi,36,223,mid,693.64
